-- MariaDB dump 10.17  Distrib 10.4.15-MariaDB, for Linux (x86_64)
--
-- Host: mysql.hostinger.ro    Database: u574849695_25
-- ------------------------------------------------------
-- Server version	10.4.15-MariaDB-cll-lve

/*!40101 SET @OLD_CHARACTER_SET_CLIENT=@@CHARACTER_SET_CLIENT */;
/*!40101 SET @OLD_CHARACTER_SET_RESULTS=@@CHARACTER_SET_RESULTS */;
/*!40101 SET @OLD_COLLATION_CONNECTION=@@COLLATION_CONNECTION */;
/*!40101 SET NAMES utf8mb4 */;
/*!40103 SET @OLD_TIME_ZONE=@@TIME_ZONE */;
/*!40103 SET TIME_ZONE='+00:00' */;
/*!40014 SET @OLD_UNIQUE_CHECKS=@@UNIQUE_CHECKS, UNIQUE_CHECKS=0 */;
/*!40014 SET @OLD_FOREIGN_KEY_CHECKS=@@FOREIGN_KEY_CHECKS, FOREIGN_KEY_CHECKS=0 */;
/*!40101 SET @OLD_SQL_MODE=@@SQL_MODE, SQL_MODE='NO_AUTO_VALUE_ON_ZERO' */;
/*!40111 SET @OLD_SQL_NOTES=@@SQL_NOTES, SQL_NOTES=0 */;

--
-- Table structure for table `communities`
--

DROP TABLE IF EXISTS `communities`;
/*!40101 SET @saved_cs_client     = @@character_set_client */;
/*!40101 SET character_set_client = utf8 */;
CREATE TABLE `communities` (
  `id` bigint(20) unsigned NOT NULL AUTO_INCREMENT,
  `name` varchar(145) COLLATE utf8mb4_unicode_ci NOT NULL,
  `description` varchar(245) COLLATE utf8mb4_unicode_ci DEFAULT NULL,
  `admin_id` bigint(20) unsigned NOT NULL,
  PRIMARY KEY (`id`),
  KEY `fk_communities_users_admin_idx` (`admin_id`),
  CONSTRAINT `fk_communities_users` FOREIGN KEY (`admin_id`) REFERENCES `users` (`id`)
) ENGINE=InnoDB AUTO_INCREMENT=46 DEFAULT CHARSET=utf8mb4 COLLATE=utf8mb4_unicode_ci;
/*!40101 SET character_set_client = @saved_cs_client */;

--
-- Dumping data for table `communities`
--

LOCK TABLES `communities` WRITE;
/*!40000 ALTER TABLE `communities` DISABLE KEYS */;
INSERT INTO `communities` VALUES (1,'eius','Laudantium veniam voluptas quasi repellat dolorum perspiciatis. Et est commodi reprehenderit et corporis eos. Nemo mollitia excepturi consectetur adipisci. Molestias iure numquam hic nostrum. Omnis laboriosam labore quisquam dolor aut.',1),(2,'nisi','Eos ipsa quia omnis temporibus quia dolor. Dolorum quia distinctio ratione eos qui. Est eum recusandae ipsam quis magnam. Illum sit aliquam voluptatem ipsam reprehenderit officiis expedita.',2),(3,'quia','Dolorem aut id maiores. Quos quas ut quia quia. Qui enim quae quibusdam eligendi quis. Nam et reprehenderit sit doloremque repellat quidem corrupti.',3),(4,'porro','Iste consectetur quaerat itaque neque. Omnis et explicabo commodi nihil voluptate et nesciunt eos. Odit eos ipsa perspiciatis ut ducimus velit neque.',4),(5,'magni','Vel deserunt velit quis commodi repellat dolore iste. Eius praesentium quam dolorum eligendi. Consectetur hic ipsam esse. Pariatur ullam dignissimos molestiae.',5),(6,'aut','Libero id doloremque et. Ut expedita et deleniti reiciendis pariatur et.',6),(7,'exercitationem','Voluptatum sint laboriosam quis quis perspiciatis beatae alias. Dolores neque dolores repudiandae expedita molestias est ex. Natus eligendi id aut voluptates doloremque. Optio velit est ab est aliquam et vel eos.',7),(8,'ipsam','Modi voluptatibus sint in molestias perspiciatis error. Autem porro odit modi earum libero recusandae. Et quia id nisi ad harum consequatur. Explicabo iure consequatur velit illo aliquid animi et. Enim illo ducimus nihil dolores et.',8),(9,'cum','Consequatur perferendis necessitatibus voluptatibus eveniet minima quia. Debitis iusto sequi expedita sapiente officiis deserunt dolores. Aut voluptatem eius non rem. Quos explicabo magni et similique consequatur ut eos est.',9),(10,'quidem','Est id excepturi non reiciendis ut. Libero molestiae sed eaque. Quas quae ducimus animi qui. Ratione recusandae et qui vel.',10),(11,'autem','Accusantium omnis soluta fugit ut. Voluptatem qui facilis aut. Dicta vero dolor praesentium unde dolor. Soluta eligendi id soluta.',11),(12,'quod','Sint velit vel sed placeat pariatur magnam dolor. Accusantium et doloremque distinctio. Cum libero ut nisi esse aut. Sint voluptas laboriosam eveniet dicta enim in.',12),(13,'dignissimos','Pariatur aspernatur eos libero ipsa mollitia. Laudantium odio facilis id odio incidunt alias atque libero. Porro rerum ducimus eos. Qui harum sunt quasi sit ipsa aut sequi.',13),(14,'quis','Ratione cum ab error pariatur ea sed. Facilis architecto porro consequatur a vel. Nisi voluptatem quo pariatur repellendus suscipit ea. Quibusdam pariatur dolorum molestias consequuntur doloremque id autem.',14),(15,'qui','Non quaerat officiis at et minus. Et veniam qui eveniet incidunt. Dignissimos porro aliquam sit id ut nihil. Cumque quo praesentium accusamus nihil.',15),(16,'harum','At vel neque repellat quia qui laudantium odio. Minima quia velit aliquid omnis numquam voluptates. Autem at nobis doloribus similique sed sed quis asperiores. Expedita quae ad sapiente aliquid ea.',16),(17,'voluptatibus','Aspernatur reiciendis ipsum sequi. Accusamus necessitatibus quisquam consequatur voluptatem et dignissimos reiciendis minus. Repudiandae ex repellendus corporis quis et repellendus modi repellat. Et aut sed placeat quo.',17),(18,'quo','Voluptate voluptas et eos sequi doloribus recusandae. Cum eius non id atque similique. Accusantium inventore molestias eum voluptas. Occaecati vitae quasi nesciunt perferendis assumenda numquam.',18),(19,'quibusdam','Est sit sed adipisci enim. Qui quibusdam aspernatur odit quod et. Sapiente similique voluptates eveniet ut aut facere. Non eaque expedita voluptas. Beatae odit sapiente quas iusto saepe voluptatem.',19),(20,'ullam','Rerum atque sit inventore aut sint a inventore. Temporibus esse architecto omnis velit beatae et quam. Dolores eos et officia aut sed animi et.',20),(21,'odio','Veniam ullam eos neque ea fugit dolorem vitae voluptas. Beatae ea consequatur praesentium. At numquam accusamus labore modi.',21),(22,'maiores','Esse harum vel iusto. Eos adipisci modi neque autem facilis similique vitae. Ea et recusandae et incidunt dolore rerum aliquam. Debitis consequatur necessitatibus debitis ut saepe.',22),(23,'eos','Molestiae tenetur quia temporibus reiciendis impedit aliquid. Ipsa tenetur neque odit atque illo qui. Excepturi rerum qui veritatis aut enim ut non ut. Occaecati vel voluptas nisi eveniet esse eum ratione eos.',23),(24,'omnis','Est amet odio harum est porro suscipit. Possimus soluta eligendi voluptas cupiditate voluptatem at quia aliquam. Dolor asperiores laborum aut aliquid officia. Aperiam et dicta impedit quia accusamus aut quis.',24),(25,'consequatur','Qui quia at reprehenderit ut laboriosam voluptatem. Eos neque similique sequi labore tenetur repellendus. Dolores quia delectus et et modi culpa nihil.',25),(26,'repellendus','Ut fugiat ab facere deserunt. Beatae eos accusantium omnis rerum. Quo qui sequi consequatur quisquam et amet suscipit dolore. Aperiam aut id debitis qui sed porro eaque.',26),(27,'voluptatibus','Et sunt aspernatur odio sed. Aut iste earum et voluptatem aliquam. Harum dolor harum vel quis consequatur non ea.',27),(28,'quam','Placeat a eum minus. Qui consequatur ut voluptatem veniam perspiciatis doloribus. Vel deserunt libero repudiandae nam. Suscipit ducimus sed porro vel corrupti. Est et iure atque aut vitae expedita.',28),(29,'nihil','Enim explicabo beatae earum eius nam fuga. Ut nesciunt atque quis at accusamus. Et corporis quia et dolorem expedita sed.',29),(30,'rerum','Saepe dolorem animi vel eos. Deleniti tempore eos consectetur consectetur. Tempore unde provident et sit eos assumenda sunt corrupti.',30),(31,'voluptatem','Quod rerum pariatur vel officiis in vel aut sunt. Et est repellendus pariatur. Qui nobis quod labore nesciunt itaque. Dolorum ab aut quae sit perferendis voluptatum.',31),(32,'quaerat','Sit sit optio necessitatibus facilis illo at. Illo eos unde non nesciunt dolorem. Fugiat dicta ipsum unde veritatis qui dolorum. Eos amet libero reprehenderit aut accusantium.',32),(33,'est','Rerum inventore sint quia qui placeat quos omnis. Aut et alias error voluptas illum perferendis. Veritatis iure ad eaque animi. Accusantium consequatur ipsum fugit consequatur consequatur.',33),(34,'qui','Optio repudiandae aspernatur dolores veniam. Nostrum nihil consequuntur veritatis ipsam quos quidem quae. Consequuntur repellat dicta soluta id autem.',34),(35,'culpa','Hic deserunt ut commodi ut pariatur libero. Optio rerum nihil vel quia vel rem. Rerum porro voluptatem natus culpa.',35),(36,'aliquam','Iure nesciunt modi totam maiores nisi. Ea et sit est. Iure nemo doloribus autem optio.',36),(37,'recusandae','Vel est itaque qui doloribus odio dolorem qui. Debitis est consequatur et quia. Rerum architecto ut voluptatem sed.',37),(38,'odio','Ad aspernatur alias dicta eum quis sint recusandae. Provident accusamus eveniet delectus et sint nesciunt doloremque. Ipsa quia in omnis magni expedita unde.',38),(39,'qui','Eius dolore voluptatem sed ex earum voluptatibus iste. Ducimus labore earum laboriosam consequatur sequi. Est et tenetur dicta vero. Sunt dolorem omnis sunt velit.',39),(40,'optio','Culpa atque recusandae consequatur excepturi explicabo neque voluptatum. Minima omnis porro ut error exercitationem.',40),(41,'reprehenderit','Impedit quam animi sint beatae optio dolorum molestiae. Tenetur alias rem in eum voluptatem sit. Quis dolorem pariatur ad nam. Non omnis est quo sit. Sapiente id qui culpa maxime iure vitae iusto.',41),(42,'quo','Dolores dolor dolorem deleniti occaecati facilis enim. Voluptatum harum nihil incidunt tempora necessitatibus. Occaecati dolor saepe ullam magnam dolor voluptatem.',42),(43,'ut','Rerum magnam ipsum soluta. Assumenda sint enim illo vel. Tempora voluptas nisi cumque nam ullam commodi illo.',43),(44,'accusantium','Rerum odio odio nemo ut autem eaque nisi illum. Ducimus commodi autem rerum consequatur. Recusandae eos praesentium et aspernatur.',44),(45,'nihil','Ut nobis voluptates sint aut. Dolorem excepturi sit omnis aut commodi. Fugiat doloremque quia in. Repellat ab quia ipsum repellat impedit autem sint maxime.',45);
/*!40000 ALTER TABLE `communities` ENABLE KEYS */;
UNLOCK TABLES;

--
-- Table structure for table `communities_users`
--

DROP TABLE IF EXISTS `communities_users`;
/*!40101 SET @saved_cs_client     = @@character_set_client */;
/*!40101 SET character_set_client = utf8 */;
CREATE TABLE `communities_users` (
  `community_id` bigint(20) unsigned NOT NULL,
  `user_id` bigint(20) unsigned NOT NULL,
  `created_at` datetime NOT NULL DEFAULT current_timestamp(),
  PRIMARY KEY (`community_id`,`user_id`),
  KEY `fk_communities_users_comm_idx` (`community_id`),
  KEY `fk_communities_users_users_idx` (`user_id`),
  CONSTRAINT `fk_communities_users_comm` FOREIGN KEY (`community_id`) REFERENCES `communities` (`id`),
  CONSTRAINT `fk_communities_users_users` FOREIGN KEY (`user_id`) REFERENCES `users` (`id`)
) ENGINE=InnoDB DEFAULT CHARSET=utf8mb4 COLLATE=utf8mb4_unicode_ci;
/*!40101 SET character_set_client = @saved_cs_client */;

--
-- Dumping data for table `communities_users`
--

LOCK TABLES `communities_users` WRITE;
/*!40000 ALTER TABLE `communities_users` DISABLE KEYS */;
INSERT INTO `communities_users` VALUES (1,1,'2010-11-20 15:27:23'),(1,46,'1998-04-24 06:39:47'),(1,91,'2014-04-23 02:10:37'),(2,2,'1993-07-07 02:43:52'),(2,47,'2008-09-28 01:51:09'),(2,92,'1999-05-22 06:59:51'),(3,3,'1995-04-21 14:20:55'),(3,48,'2001-12-30 20:55:42'),(3,93,'2013-08-08 10:56:28'),(4,4,'1984-07-31 08:33:25'),(4,49,'1989-10-06 16:30:30'),(4,94,'2002-01-23 19:52:38'),(5,5,'1993-05-12 15:26:24'),(5,50,'1988-05-15 06:40:36'),(5,95,'1975-04-03 10:10:46'),(6,6,'2016-01-13 15:41:23'),(6,51,'2013-04-10 09:46:37'),(6,96,'1988-08-03 22:47:35'),(7,7,'2000-09-20 10:58:51'),(7,52,'1988-12-02 14:58:41'),(7,97,'2007-05-29 14:19:39'),(8,8,'2007-03-28 21:42:11'),(8,53,'1977-03-11 13:32:41'),(8,98,'1997-11-13 15:11:56'),(9,9,'1971-10-07 13:32:19'),(9,54,'1970-04-24 21:39:00'),(9,99,'1978-07-20 04:34:19'),(10,10,'2003-07-07 11:27:28'),(10,55,'2020-12-27 04:52:08'),(10,100,'1985-03-03 10:38:09'),(11,11,'1985-05-19 10:20:01'),(11,56,'1982-08-10 08:19:24'),(12,12,'2012-05-26 04:28:32'),(12,57,'2014-09-25 01:03:19'),(13,13,'2002-08-30 11:01:52'),(13,58,'2016-03-23 17:04:12'),(14,14,'2010-02-25 11:06:04'),(14,59,'2018-09-07 04:02:54'),(15,15,'1976-05-30 00:58:48'),(15,60,'1983-05-12 07:33:54'),(16,16,'1994-05-04 21:07:16'),(16,61,'1986-07-01 22:04:44'),(17,17,'2011-01-13 07:11:14'),(17,62,'2019-12-17 05:49:42'),(18,18,'1979-10-25 07:16:43'),(18,63,'1990-06-24 11:59:28'),(19,19,'2019-06-29 22:13:53'),(19,64,'2019-12-03 12:54:17'),(20,20,'2011-12-14 16:04:51'),(20,65,'1980-05-21 23:55:50'),(21,21,'1982-10-04 08:07:44'),(21,66,'1980-09-01 08:02:03'),(22,22,'2016-05-05 21:52:00'),(22,67,'2020-09-07 17:28:25'),(23,23,'2002-12-07 00:48:59'),(23,68,'1971-08-06 05:59:47'),(24,24,'1974-06-28 15:50:13'),(24,69,'1972-01-04 09:37:17'),(25,25,'1976-01-02 12:38:01'),(25,70,'1987-01-15 00:30:13'),(26,26,'2018-11-07 07:38:38'),(26,71,'2018-06-02 12:04:37'),(27,27,'1988-01-25 07:55:21'),(27,72,'1993-03-05 08:42:42'),(28,28,'2020-02-14 18:46:29'),(28,73,'2000-07-03 08:32:09'),(29,29,'1982-03-07 21:52:15'),(29,74,'1998-02-09 15:08:36'),(30,30,'2000-08-04 06:38:56'),(30,75,'1988-09-23 06:01:53'),(31,31,'1987-07-16 14:02:53'),(31,76,'2019-06-04 12:19:17'),(32,32,'1996-09-30 05:46:03'),(32,77,'1993-02-05 13:03:36'),(33,33,'2021-01-09 17:38:03'),(33,78,'1999-01-17 22:31:24'),(34,34,'2011-08-15 18:17:07'),(34,79,'1980-11-27 20:57:38'),(35,35,'1979-11-25 13:54:27'),(35,80,'2016-01-10 21:35:19'),(36,36,'2012-04-20 20:37:52'),(36,81,'1975-12-26 14:04:49'),(37,37,'1989-08-05 04:08:16'),(37,82,'1999-04-08 18:40:35'),(38,38,'2009-10-05 08:03:46'),(38,83,'2012-12-11 20:46:35'),(39,39,'2018-04-23 21:44:43'),(39,84,'1983-10-30 14:27:31'),(40,40,'2003-02-03 06:45:17'),(40,85,'1991-05-25 21:48:00'),(41,41,'1973-01-02 01:55:59'),(41,86,'1983-08-09 04:11:19'),(42,42,'1975-04-14 09:25:02'),(42,87,'2001-07-01 23:49:33'),(43,43,'1998-04-26 19:52:38'),(43,88,'1993-05-29 01:04:34'),(44,44,'2011-11-29 09:45:22'),(44,89,'1995-09-16 20:14:03'),(45,45,'2017-04-15 16:26:05'),(45,90,'2014-08-07 19:07:54');
/*!40000 ALTER TABLE `communities_users` ENABLE KEYS */;
UNLOCK TABLES;

--
-- Table structure for table `friend_requests`
--

DROP TABLE IF EXISTS `friend_requests`;
/*!40101 SET @saved_cs_client     = @@character_set_client */;
/*!40101 SET character_set_client = utf8 */;
CREATE TABLE `friend_requests` (
  `from_user_id` bigint(20) unsigned NOT NULL,
  `to_user_id` bigint(20) unsigned NOT NULL,
  `accepted` tinyint(1) DEFAULT 0,
  `created_at` datetime DEFAULT current_timestamp(),
  `updated_at` datetime DEFAULT NULL ON UPDATE current_timestamp(),
  PRIMARY KEY (`from_user_id`,`to_user_id`),
  KEY `fk_friend_requests_from_user_idx` (`from_user_id`),
  KEY `fk_friend_requests_to_user_idx` (`to_user_id`),
  CONSTRAINT `fk_friend_requests_users_1` FOREIGN KEY (`from_user_id`) REFERENCES `users` (`id`),
  CONSTRAINT `fk_friend_requests_users_2` FOREIGN KEY (`to_user_id`) REFERENCES `users` (`id`)
) ENGINE=InnoDB DEFAULT CHARSET=utf8mb4 COLLATE=utf8mb4_unicode_ci;
/*!40101 SET character_set_client = @saved_cs_client */;

--
-- Dumping data for table `friend_requests`
--

LOCK TABLES `friend_requests` WRITE;
/*!40000 ALTER TABLE `friend_requests` DISABLE KEYS */;
INSERT INTO `friend_requests` VALUES (1,1,1,'1986-06-15 15:48:06','2002-04-21 22:53:56'),(2,2,0,'1998-12-24 13:21:00','2000-07-12 06:56:56'),(3,3,0,'1986-05-18 03:01:56','1983-08-14 11:12:12'),(4,4,0,'1995-10-01 13:11:45','1975-09-02 16:49:37'),(5,5,0,'2015-12-29 03:07:08','1993-01-04 05:37:44'),(6,6,0,'2020-05-07 07:47:11','2018-08-21 22:38:08'),(7,7,1,'1976-06-29 01:40:05','1993-09-13 13:09:37'),(8,8,0,'2017-05-06 17:34:14','2002-03-05 18:05:07'),(9,9,1,'1979-05-22 05:51:26','2008-01-06 23:41:09'),(10,10,1,'2000-10-25 02:53:35','1983-06-22 19:25:08'),(11,11,0,'1997-08-05 20:58:50','2013-02-08 08:13:54'),(12,12,1,'2011-07-03 00:17:16','2003-04-01 23:08:48'),(13,13,0,'2003-03-02 07:38:16','2012-02-02 08:27:19'),(14,14,1,'2003-12-02 10:56:21','2010-07-15 13:46:05'),(15,15,0,'1978-06-30 08:11:13','1977-08-19 19:56:00'),(16,16,1,'1982-07-19 03:48:29','1997-05-01 12:04:42'),(17,17,0,'2003-02-13 01:50:25','1978-06-17 20:51:39'),(18,18,0,'1990-04-29 14:30:25','1977-03-12 10:30:50'),(19,19,0,'2016-02-29 20:04:04','1998-03-17 02:38:07'),(20,20,0,'1973-02-01 22:00:06','1981-09-30 13:23:12'),(21,21,1,'1985-04-03 09:49:41','2016-08-16 10:55:54'),(22,22,0,'1973-03-28 13:11:30','2001-01-15 05:32:12'),(23,23,0,'2014-10-10 23:18:38','1986-04-25 06:56:49'),(24,24,1,'1996-11-14 09:06:13','1992-05-21 22:25:28'),(25,25,1,'2015-06-22 00:38:51','2012-07-20 20:24:26'),(26,26,1,'1982-12-28 08:42:16','2010-09-02 21:48:14'),(27,27,0,'1973-09-01 05:47:32','1971-07-18 09:37:07'),(28,28,1,'1999-11-09 11:04:27','2016-03-14 10:05:44'),(29,29,0,'1970-08-14 12:56:36','1984-10-02 01:00:24'),(30,30,0,'1977-01-11 09:12:54','1976-06-25 13:51:05'),(31,31,0,'2014-08-01 06:53:54','1975-08-31 09:42:20'),(32,32,0,'2006-09-17 02:32:54','1972-05-02 00:51:31'),(33,33,1,'1970-08-31 09:55:41','2011-05-30 22:03:01'),(34,34,1,'2008-01-02 04:44:24','1995-08-25 18:32:40'),(35,35,1,'1976-08-27 23:56:31','2018-08-19 16:18:56'),(36,36,0,'1998-05-14 16:35:32','1993-07-06 19:24:32'),(37,37,0,'2015-01-27 20:37:58','1974-10-13 14:13:05'),(38,38,0,'1999-04-06 02:11:26','1989-07-06 01:56:07'),(39,39,0,'2018-07-07 21:05:57','2016-02-29 09:04:46'),(40,40,0,'2004-12-30 14:21:01','1970-01-10 11:55:24'),(41,41,1,'2014-12-05 04:38:22','1978-07-16 11:59:34'),(42,42,0,'1973-11-10 03:37:59','1977-01-07 01:35:22'),(43,43,1,'1986-04-14 10:41:47','2017-10-01 01:43:28'),(44,44,0,'1971-02-03 17:10:56','2007-07-27 13:27:42'),(45,45,1,'2012-09-25 13:54:26','2008-08-15 02:50:55'),(46,46,1,'1985-11-23 21:05:31','1996-10-11 16:06:31'),(47,47,1,'1987-08-18 07:59:38','1979-05-10 03:42:21'),(48,48,1,'1999-09-18 13:01:42','1999-09-25 11:57:16'),(49,49,0,'2001-12-29 20:33:46','2006-05-03 18:05:41'),(50,50,1,'1983-01-11 22:24:25','1971-09-04 04:56:55'),(51,51,1,'1986-05-09 06:16:47','1990-01-24 18:43:22'),(52,52,1,'1988-04-07 22:51:34','2009-03-28 01:33:42'),(53,53,1,'2003-07-19 17:13:12','1983-09-25 16:12:54'),(54,54,1,'1977-10-15 08:40:13','1979-05-29 05:12:20'),(55,55,0,'1987-07-06 00:20:12','1974-03-13 16:41:06'),(56,56,1,'1994-08-31 12:24:21','2010-07-12 13:40:26'),(57,57,1,'2020-06-07 00:44:19','2015-12-12 21:31:30'),(58,58,1,'2016-12-06 09:52:00','2014-03-05 04:02:49'),(59,59,0,'1974-06-04 08:42:48','2002-07-29 12:26:24'),(60,60,1,'2016-02-22 02:17:56','2019-12-23 02:32:19'),(61,61,0,'2006-12-21 00:31:07','1994-01-20 04:01:58'),(62,62,0,'2000-07-27 16:07:12','2013-03-07 00:45:54'),(63,63,0,'1974-04-13 03:02:44','2010-04-14 13:32:06'),(64,64,1,'2005-11-15 02:29:30','1975-02-07 20:07:53'),(65,65,0,'1976-02-02 13:04:48','1976-04-28 09:31:02'),(66,66,0,'1985-04-19 16:48:08','1999-11-05 08:32:07'),(67,67,0,'1987-11-20 22:16:11','1986-02-09 04:56:05'),(68,68,1,'1983-09-09 02:00:55','1997-02-17 04:44:09'),(69,69,1,'2009-11-03 04:06:30','1983-01-27 04:44:29'),(70,70,1,'2005-09-07 17:59:57','2003-09-01 20:00:22'),(71,71,0,'2017-08-09 23:08:24','2014-02-04 02:22:06'),(72,72,1,'2008-05-20 15:45:32','1971-05-24 22:41:25'),(73,73,1,'1988-05-11 08:32:02','1979-06-04 15:42:19'),(74,74,0,'1973-02-14 00:24:06','2003-10-28 01:30:43'),(75,75,0,'1985-07-09 20:02:33','2006-07-22 07:49:20'),(76,76,1,'1975-02-28 23:02:05','1982-09-07 12:20:31'),(77,77,0,'1992-01-04 21:11:29','1992-03-23 16:50:42'),(78,78,1,'2001-07-25 05:34:16','2007-04-04 03:13:17');
/*!40000 ALTER TABLE `friend_requests` ENABLE KEYS */;
UNLOCK TABLES;

--
-- Table structure for table `media`
--

DROP TABLE IF EXISTS `media`;
/*!40101 SET @saved_cs_client     = @@character_set_client */;
/*!40101 SET character_set_client = utf8 */;
CREATE TABLE `media` (
  `id` bigint(20) unsigned NOT NULL AUTO_INCREMENT,
  `user_id` bigint(20) unsigned NOT NULL,
  `media_types_id` int(10) unsigned NOT NULL,
  `file_name` varchar(245) COLLATE utf8mb4_unicode_ci DEFAULT NULL COMMENT '/files/folder/img.png',
  `file_size` bigint(20) DEFAULT NULL,
  `created_at` datetime NOT NULL DEFAULT current_timestamp(),
  PRIMARY KEY (`id`),
  KEY `fk_media_media_types_idx` (`media_types_id`),
  KEY `fk_media_users_idx` (`user_id`),
  CONSTRAINT `fk_media_media_types` FOREIGN KEY (`media_types_id`) REFERENCES `media_types` (`id`),
  CONSTRAINT `fk_media_users` FOREIGN KEY (`user_id`) REFERENCES `users` (`id`)
) ENGINE=InnoDB AUTO_INCREMENT=212 DEFAULT CHARSET=utf8mb4 COLLATE=utf8mb4_unicode_ci;
/*!40101 SET character_set_client = @saved_cs_client */;

--
-- Dumping data for table `media`
--

LOCK TABLES `media` WRITE;
/*!40000 ALTER TABLE `media` DISABLE KEYS */;
INSERT INTO `media` VALUES (1,1,1,'at',25116403,'1972-07-19 23:12:52'),(2,2,2,'hic',0,'1985-10-09 19:07:46'),(3,3,3,'ducimus',916,'1987-03-03 09:08:32'),(4,4,4,'ipsam',251156004,'2014-07-14 17:30:03'),(5,5,1,'voluptas',32570797,'2000-09-29 14:45:17'),(6,6,2,'illo',70,'1985-05-16 08:31:07'),(7,7,3,'nemo',679,'2002-08-31 14:19:12'),(8,8,4,'earum',74608,'1985-10-29 11:55:23'),(9,9,1,'omnis',759063,'1997-03-11 02:39:36'),(10,10,2,'qui',0,'1992-11-19 04:05:18'),(11,11,3,'accusamus',0,'1981-01-25 10:22:39'),(12,12,4,'aut',0,'1982-11-03 20:09:06'),(13,13,1,'saepe',44,'1976-04-27 00:41:12'),(14,14,2,'ea',806302780,'2013-04-22 06:26:48'),(15,15,3,'fuga',266011974,'2014-01-06 07:10:44'),(16,16,4,'commodi',47920553,'1988-11-16 11:04:09'),(17,17,1,'fugiat',828271248,'2012-06-20 18:39:45'),(18,18,2,'esse',0,'2007-04-28 10:12:46'),(19,19,3,'enim',1,'1990-12-18 18:58:29'),(20,20,4,'officia',4,'1997-07-10 12:48:14'),(21,21,1,'velit',3261,'1994-10-27 14:33:17'),(22,22,2,'ipsa',3287,'1989-03-30 20:00:23'),(23,23,3,'ut',6618,'2004-01-18 06:14:04'),(24,24,4,'et',611409474,'2008-04-05 21:08:44'),(25,25,1,'culpa',30,'1975-01-09 20:08:16'),(26,26,2,'laudantium',5278769,'2001-08-19 15:46:16'),(27,27,3,'quia',46,'2008-06-03 06:31:46'),(28,28,4,'culpa',5265718,'2005-11-25 03:42:20'),(29,29,1,'molestiae',28348,'1996-01-25 00:16:00'),(30,30,2,'assumenda',25,'2004-04-01 23:19:18'),(31,31,3,'aut',6,'2017-11-29 16:48:44'),(32,32,4,'quis',437721,'2012-04-18 04:08:21'),(33,33,1,'dolorem',3850,'2002-07-12 06:24:06'),(34,34,2,'quos',36517,'2020-10-02 07:07:03'),(35,35,3,'omnis',1,'1981-10-11 03:45:57'),(36,36,4,'aliquid',8211,'1982-09-06 07:39:53'),(37,37,1,'voluptatem',24596,'1977-03-09 15:58:08'),(38,38,2,'fugit',39,'1994-03-17 01:45:53'),(39,39,3,'ullam',0,'1974-10-26 06:52:18'),(40,40,4,'quia',191798,'1978-06-14 09:06:47'),(41,41,1,'vitae',9427319,'1998-08-10 02:27:38'),(42,42,2,'laudantium',537,'1997-01-08 00:11:54'),(43,43,3,'omnis',69387,'2020-06-02 15:26:09'),(44,44,4,'adipisci',7,'1986-05-11 05:38:43'),(45,45,1,'consequuntur',3622009,'1976-07-26 02:35:37'),(46,46,2,'ducimus',0,'1981-05-01 02:56:09'),(47,47,3,'impedit',9,'2008-06-27 16:35:53'),(48,48,4,'qui',9362,'2011-05-06 16:44:34'),(49,49,1,'tempora',450,'1987-11-14 03:05:39'),(50,50,2,'eveniet',236,'1971-12-27 07:29:03'),(51,51,3,'beatae',5,'1992-02-03 03:00:03'),(52,52,4,'nihil',0,'1975-02-05 13:59:31'),(53,53,1,'occaecati',4670,'1972-01-28 18:17:45'),(54,54,2,'quia',579194,'1972-10-11 20:17:59'),(55,55,3,'eum',785118275,'1982-09-19 17:46:26'),(56,56,4,'perspiciatis',30,'2009-07-04 18:02:54'),(57,57,1,'aliquam',989465,'2016-11-08 08:37:58'),(58,58,2,'quod',937,'1992-07-03 13:42:39'),(59,59,3,'rem',223641370,'1986-07-03 20:50:47'),(60,60,4,'perspiciatis',431596,'2012-09-19 21:32:18'),(61,61,1,'architecto',636,'1999-02-08 04:13:57'),(62,62,2,'eum',764989,'2011-04-20 03:41:42'),(63,63,3,'adipisci',575744582,'1977-01-21 05:36:41'),(64,64,4,'ipsam',94,'1998-06-03 21:23:07'),(65,65,1,'voluptatem',6930180,'1982-03-17 02:18:15'),(66,66,2,'eligendi',316804,'2011-11-08 17:17:47'),(67,67,3,'eos',98141,'2011-01-12 13:00:23'),(68,68,4,'sed',80,'2018-08-05 18:30:41'),(69,69,1,'similique',4694333,'2010-04-02 02:08:36'),(70,70,2,'earum',84861808,'2019-03-26 04:08:51'),(71,71,3,'odit',9,'1988-04-15 21:39:04'),(72,72,4,'excepturi',175,'1994-05-23 18:25:01'),(73,73,1,'quas',9551,'1980-01-11 07:54:24'),(74,74,2,'ut',9058030,'2013-08-14 18:22:27'),(75,75,3,'et',627283910,'1996-04-29 08:07:11'),(76,76,4,'repudiandae',97016786,'1983-09-15 11:36:40'),(77,77,1,'in',243,'1987-09-14 16:06:39'),(78,78,2,'nemo',2810144,'1978-05-07 03:43:13'),(79,79,3,'voluptas',46990,'1993-12-17 04:36:35'),(80,80,4,'cupiditate',478816226,'2011-06-30 07:21:33'),(81,81,1,'aut',3552,'2013-03-20 14:53:41'),(82,82,2,'consequuntur',407,'2006-04-03 18:33:55'),(83,83,3,'deserunt',507855636,'1977-04-24 23:11:38'),(84,84,4,'omnis',3016904,'2012-09-27 13:25:21'),(85,85,1,'excepturi',72580677,'2017-10-02 02:53:06'),(86,86,2,'est',70598,'1990-04-24 21:33:13'),(87,87,3,'dolorem',832591876,'1979-02-15 14:20:35'),(88,88,4,'non',1,'2019-06-11 06:30:05'),(89,89,1,'harum',47727776,'2013-09-29 23:51:30'),(90,90,2,'est',64400,'1980-03-18 05:06:25'),(91,91,3,'recusandae',219103655,'2006-05-26 05:07:30'),(92,92,4,'qui',595941,'1974-09-28 15:30:02'),(93,93,1,'neque',18,'1982-09-22 02:42:32'),(94,94,2,'voluptatem',125,'2004-08-09 17:35:45'),(95,95,3,'eum',123428339,'2009-08-11 19:39:33'),(96,96,4,'qui',79455896,'1971-11-22 22:09:39'),(97,97,1,'voluptatum',47829488,'1998-01-10 07:25:28'),(98,98,2,'rem',581982,'1981-05-03 07:42:42'),(99,99,3,'sunt',192844348,'1981-01-22 00:31:41'),(100,100,4,'consequatur',702326550,'1987-08-15 06:12:09'),(101,1,1,'vel',2,'2003-09-29 05:20:10'),(102,2,2,'rerum',0,'2011-09-06 22:14:33'),(103,3,3,'modi',871858,'2002-01-16 07:44:10'),(104,4,4,'et',6513,'2005-06-24 03:21:51'),(105,5,1,'enim',678,'2007-11-15 17:11:02'),(106,6,2,'culpa',8,'1973-06-11 10:37:49'),(107,7,3,'omnis',367,'1993-01-25 03:34:12'),(108,8,4,'quam',0,'2012-07-25 19:57:59'),(109,9,1,'aut',83,'1983-12-20 05:46:43'),(110,10,2,'perferendis',478990337,'1973-04-09 03:59:50'),(111,11,3,'in',5,'2008-02-15 13:15:48'),(112,12,4,'occaecati',3124,'1986-06-02 10:11:13'),(113,13,1,'nemo',129,'2015-10-18 21:30:38'),(114,14,2,'non',924824707,'1977-12-18 09:06:56'),(115,15,3,'rerum',799689,'2021-02-18 15:46:14'),(116,16,4,'officiis',3996,'2019-02-15 18:06:05'),(117,17,1,'qui',1511183,'1988-11-14 16:34:04'),(118,18,2,'temporibus',252944,'2001-12-28 12:57:23'),(119,19,3,'culpa',3315,'1986-08-04 12:31:19'),(120,20,4,'voluptas',9658588,'2008-12-26 01:26:14'),(121,21,1,'dolorem',0,'2004-12-04 09:33:52'),(122,22,2,'animi',8409084,'2012-03-12 16:37:33'),(123,23,3,'quia',1441,'2006-01-13 16:45:59'),(124,24,4,'et',96004512,'1988-03-06 22:07:07'),(125,25,1,'corporis',131,'2008-11-09 11:46:44'),(126,26,2,'ab',361450,'1983-07-27 16:27:04'),(127,27,3,'corporis',7310,'2005-03-07 23:09:30'),(128,28,4,'suscipit',145957,'1998-01-25 15:06:48'),(129,29,1,'ut',378600571,'1978-10-20 16:02:17'),(130,30,2,'architecto',3627451,'2006-11-23 06:33:14'),(131,31,3,'eos',56951,'2019-12-06 19:47:47'),(132,32,4,'fugiat',672244,'1970-10-03 17:16:58'),(133,33,1,'cum',4276,'2020-07-30 20:18:07'),(134,34,2,'soluta',84115,'2010-07-01 02:15:18'),(135,35,3,'reiciendis',55,'1994-09-10 20:11:57'),(136,36,4,'adipisci',0,'1992-12-21 17:19:19'),(137,37,1,'labore',0,'1995-01-05 17:44:00'),(138,38,2,'libero',6292,'1991-03-04 15:29:35'),(139,39,3,'reiciendis',87,'1995-08-07 09:35:48'),(140,40,4,'similique',27500931,'1976-08-06 02:32:22'),(141,41,1,'velit',2110,'1994-08-30 11:07:54'),(142,42,2,'voluptatibus',9650,'1983-09-08 05:13:49'),(143,43,3,'quisquam',4449,'1970-02-03 14:14:56'),(144,44,4,'rerum',0,'1975-11-27 19:36:56'),(145,45,1,'provident',459282,'1970-07-05 03:48:37'),(146,46,2,'ut',86,'1991-04-28 05:09:23'),(147,47,3,'numquam',93,'2016-07-30 05:47:20'),(148,48,4,'facilis',2030085,'1986-12-30 00:31:01'),(149,49,1,'repellat',294,'1977-12-24 15:22:56'),(150,50,2,'itaque',4975,'2009-10-21 13:36:28'),(151,51,3,'reprehenderit',134,'2009-01-27 20:14:32'),(152,52,4,'nisi',417,'1983-10-26 12:01:46'),(153,53,1,'ipsa',8,'1975-08-31 17:33:51'),(154,54,2,'sequi',7675,'2002-05-25 23:43:45'),(155,55,3,'est',5317049,'1977-09-21 20:34:49'),(156,56,4,'quis',5374555,'2014-09-14 09:41:07'),(157,57,1,'pariatur',0,'2012-12-23 08:57:54'),(158,58,2,'distinctio',911082,'2004-07-15 04:39:22'),(159,59,3,'natus',170,'1996-05-21 22:55:36'),(160,60,4,'possimus',13240,'1972-11-04 00:05:15'),(161,61,1,'dolorem',9770,'1981-08-13 01:35:47'),(162,62,2,'facere',465,'1980-01-01 03:35:03'),(163,63,3,'aperiam',6,'2015-01-04 02:57:58'),(164,64,4,'nisi',2230,'1998-01-10 22:07:53'),(165,65,1,'ut',5,'2013-09-16 17:56:39'),(166,66,2,'enim',29,'2003-06-29 09:28:31'),(167,67,3,'quam',485,'1987-07-08 19:18:27'),(168,68,4,'dolor',81,'1988-12-29 14:04:18'),(169,69,1,'exercitationem',0,'1973-01-18 16:14:40'),(170,70,2,'vitae',97,'2018-08-16 13:23:00'),(171,71,3,'commodi',4,'2003-03-09 09:46:57'),(172,72,4,'soluta',228097592,'2011-09-24 11:07:10'),(173,73,1,'ipsa',7737,'1984-02-14 01:01:37'),(174,74,2,'quaerat',27903423,'1976-01-17 07:53:21'),(175,75,3,'qui',0,'2005-01-09 08:32:53'),(176,76,4,'fugit',7229,'1971-03-06 05:38:41'),(177,77,1,'tempora',84,'2007-01-11 17:13:35'),(178,78,2,'hic',12,'1993-09-30 15:18:47'),(179,79,3,'est',3915945,'1978-01-06 06:33:47'),(180,80,4,'et',12,'1983-05-29 15:15:22'),(181,81,1,'provident',2973974,'1983-07-15 00:50:05'),(182,82,2,'omnis',55,'2018-07-06 11:50:18'),(183,83,3,'et',0,'2019-12-16 11:28:00'),(184,84,4,'ea',9485624,'2005-10-29 07:00:35'),(185,85,1,'hic',20301183,'1994-06-26 08:00:19'),(186,86,2,'assumenda',37953541,'2015-01-31 12:36:57'),(187,87,3,'optio',59444,'2018-03-10 22:39:23'),(188,88,4,'sed',575833067,'2003-03-06 21:01:34'),(189,89,1,'consequatur',72100063,'2008-03-13 21:04:18'),(190,90,2,'consequatur',83770,'2008-02-17 23:07:54'),(191,91,3,'magnam',64109369,'1979-09-10 20:30:53'),(192,92,4,'quia',0,'1974-07-04 16:06:32'),(193,93,1,'explicabo',2811057,'2018-08-08 14:52:36'),(194,94,2,'est',318,'1980-11-17 10:16:00'),(195,95,3,'veritatis',943,'1999-02-25 23:35:01'),(196,96,4,'distinctio',7,'2014-01-08 15:13:30'),(197,97,1,'eos',9075858,'1995-07-09 20:51:25'),(198,98,2,'beatae',0,'1974-07-12 02:14:10'),(199,99,3,'fuga',4717406,'1995-09-27 22:03:27'),(200,100,4,'quo',449297889,'1983-07-31 18:07:11'),(201,1,1,'velit',0,'2006-01-26 13:11:34'),(202,2,2,'voluptas',2451155,'1985-09-14 09:27:18'),(203,3,3,'iusto',5726,'1974-08-22 01:20:25'),(204,4,4,'cum',64365,'2017-03-23 13:28:18'),(205,5,1,'possimus',4624974,'1999-06-19 09:02:09'),(206,6,2,'ea',4,'2011-02-10 19:03:38'),(207,7,3,'corrupti',878,'1971-09-10 02:35:29'),(208,8,4,'cum',133919,'1991-08-22 00:29:37'),(209,9,1,'atque',6,'2000-01-07 09:31:31'),(210,10,2,'aut',26642,'2008-10-21 23:36:43'),(211,11,3,'est',52247,'1974-01-22 01:56:42');
/*!40000 ALTER TABLE `media` ENABLE KEYS */;
UNLOCK TABLES;

--
-- Table structure for table `media_types`
--

DROP TABLE IF EXISTS `media_types`;
/*!40101 SET @saved_cs_client     = @@character_set_client */;
/*!40101 SET character_set_client = utf8 */;
CREATE TABLE `media_types` (
  `id` int(10) unsigned NOT NULL AUTO_INCREMENT,
  `name` varchar(45) COLLATE utf8mb4_unicode_ci NOT NULL,
  PRIMARY KEY (`id`),
  UNIQUE KEY `name` (`name`)
) ENGINE=InnoDB AUTO_INCREMENT=5 DEFAULT CHARSET=utf8mb4 COLLATE=utf8mb4_unicode_ci;
/*!40101 SET character_set_client = @saved_cs_client */;

--
-- Dumping data for table `media_types`
--

LOCK TABLES `media_types` WRITE;
/*!40000 ALTER TABLE `media_types` DISABLE KEYS */;
INSERT INTO `media_types` VALUES (2,'aut'),(3,'cum'),(1,'dolorem'),(4,'possimus');
/*!40000 ALTER TABLE `media_types` ENABLE KEYS */;
UNLOCK TABLES;

--
-- Table structure for table `messages`
--

DROP TABLE IF EXISTS `messages`;
/*!40101 SET @saved_cs_client     = @@character_set_client */;
/*!40101 SET character_set_client = utf8 */;
CREATE TABLE `messages` (
  `id` bigint(20) unsigned NOT NULL AUTO_INCREMENT,
  `from_user_id` bigint(20) unsigned NOT NULL,
  `to_user_id` bigint(20) unsigned NOT NULL,
  `txt` text COLLATE utf8mb4_unicode_ci NOT NULL,
  `is_delivered` tinyint(1) DEFAULT 0,
  `created_at` datetime NOT NULL DEFAULT current_timestamp(),
  `updated_at` datetime DEFAULT NULL ON UPDATE current_timestamp(),
  PRIMARY KEY (`id`),
  KEY `fk_messages_from_user_idx` (`from_user_id`),
  KEY `fk_messages_to_user_idx` (`to_user_id`),
  CONSTRAINT `fk_messages_users_1` FOREIGN KEY (`from_user_id`) REFERENCES `users` (`id`),
  CONSTRAINT `fk_messages_users_2` FOREIGN KEY (`to_user_id`) REFERENCES `users` (`id`)
) ENGINE=InnoDB AUTO_INCREMENT=168 DEFAULT CHARSET=utf8mb4 COLLATE=utf8mb4_unicode_ci;
/*!40101 SET character_set_client = @saved_cs_client */;

--
-- Dumping data for table `messages`
--

LOCK TABLES `messages` WRITE;
/*!40000 ALTER TABLE `messages` DISABLE KEYS */;
INSERT INTO `messages` VALUES (1,1,1,'Laborum molestias quasi illo rerum facere. Sapiente et officiis possimus dolores tempore in sunt. Placeat et officiis quisquam amet doloribus velit tenetur.',0,'2008-09-19 12:42:09','1978-05-10 08:04:27'),(2,2,2,'Sunt quos reiciendis ducimus quasi. Pariatur suscipit ratione qui. Deserunt tempora non culpa dolorum. Eum inventore occaecati beatae mollitia sed voluptatem.',0,'1985-09-02 03:16:42','1996-01-28 18:54:55'),(3,3,3,'Dolorum sint eos sunt. Minus ex natus ratione fugiat aspernatur doloribus. Provident numquam placeat animi et ab laborum odit.',0,'2016-10-11 13:13:49','1984-06-21 17:04:52'),(4,4,4,'Earum ratione incidunt nihil quod itaque. Aliquid quas ducimus non corporis cumque ipsum unde. Ut dolorem modi deserunt assumenda ut id aut.',0,'1971-01-16 12:35:41','1983-07-29 09:12:20'),(5,5,5,'Similique at vel natus dicta dignissimos. Voluptates magnam nisi sed. Nemo neque tempora quidem iure. Vel reiciendis deleniti aspernatur nesciunt et animi labore ullam.',1,'2017-07-15 07:56:00','1999-11-24 10:33:39'),(6,6,6,'Et ducimus delectus dolores voluptates illo omnis dolorum. Distinctio sit maiores repudiandae iusto rem aut consequuntur eligendi. Deserunt illum perferendis ad impedit.',1,'1992-07-02 20:11:33','2007-02-05 00:09:23'),(7,7,7,'Cumque repellendus et aut officia reprehenderit. Ut aut possimus quisquam est provident molestiae consequatur. Corrupti molestiae dolores dolore consequatur sed. Sunt non ut fugit tenetur est.',1,'1984-07-20 20:00:34','1975-02-24 23:23:50'),(8,8,8,'Quaerat minus laborum omnis quas. Sint hic explicabo est odio dolor unde soluta. Qui culpa tempora ex molestiae.',0,'2000-09-19 13:51:10','1986-05-03 02:56:31'),(9,9,9,'Voluptas excepturi expedita quas quod iste ratione nihil. Repellendus excepturi non quo dolorem excepturi velit quae. Illo eos provident est est.',0,'1986-02-26 02:06:24','1984-05-01 04:01:02'),(10,10,10,'Qui ea porro harum quia. Porro animi ullam error ut quis voluptatem. Iste officiis quam reprehenderit ducimus.\nRecusandae aut et tenetur voluptatem delectus quod. Et vitae molestias vero.',1,'1993-09-28 09:09:18','2016-03-28 12:47:34'),(11,11,11,'Eius autem aspernatur id reprehenderit eum. Et ut consequuntur dolor tenetur. Inventore qui sed est et eum autem asperiores. Minima dolores cum sed error velit ipsam voluptatem.',0,'2014-01-30 09:14:50','1970-05-12 09:44:43'),(12,12,12,'Ipsam quia illum velit nisi. Sed velit rem aut. Quis molestias et aut optio possimus sed temporibus enim. Et ut aut est architecto voluptatibus atque.',1,'1970-07-22 20:20:13','2010-12-08 12:02:54'),(13,13,13,'Temporibus ut omnis cum autem rerum aliquid. At ipsa eaque voluptatem mollitia. Beatae cum magnam omnis veniam qui est dicta odio. Incidunt sint sed dignissimos.',1,'1973-07-08 12:11:29','1993-02-11 18:19:42'),(14,14,14,'Soluta quasi dolores eligendi nisi. Esse quos vel et non fugiat nobis sequi. Numquam exercitationem cum eum labore consequuntur vero quo. Distinctio amet ullam quibusdam ipsum dolor.',0,'1972-01-12 21:35:26','1971-09-10 21:00:47'),(15,15,15,'Maiores vel fuga eveniet ipsa et in vitae alias. Rerum qui aliquid modi doloremque. Mollitia enim aut ad in modi rem inventore. Debitis est quia et officiis fugiat.',0,'1984-04-24 18:32:30','2002-07-11 02:00:02'),(16,16,16,'Molestias explicabo odit nisi omnis. A nihil ad ut nam aliquid ea. Cum quis aperiam et quibusdam et. Totam minima magni id blanditiis rem consequatur eius vitae.',0,'2005-07-29 10:09:37','1981-01-25 04:26:40'),(17,17,17,'Laborum molestiae aut est eaque dolorum. Magni quo quo quasi dolorum asperiores dicta illum. Ut nostrum esse quia commodi eum et reiciendis.',1,'2019-12-22 09:01:53','1986-05-13 00:50:47'),(18,18,18,'Eius dolorem sit non. Eligendi nulla voluptatum minus possimus voluptatibus dignissimos vel. Non officia perferendis voluptas. Voluptatem qui fugiat ipsa eveniet earum.',0,'2015-04-27 13:34:21','2006-11-11 06:00:09'),(19,19,19,'A beatae at labore quos perferendis enim. Quod earum vitae distinctio minus quod. Quia ab rem praesentium fugit. Sed sed quo velit voluptatem.',1,'1987-09-25 14:49:51','1970-07-16 20:31:20'),(20,20,20,'Omnis qui reprehenderit qui qui quibusdam. Perferendis eligendi accusamus veniam maiores. Veniam alias autem atque eum nesciunt quis rerum. Quia sit id repellat rerum.',0,'2003-03-07 11:07:55','2008-05-10 20:04:36'),(21,21,21,'Est est dicta non aut. Rem rerum voluptatibus maiores aut. Laudantium labore incidunt provident. Eos quia tempora sed ipsum hic laboriosam.',1,'1988-03-04 13:33:02','1972-01-06 20:05:18'),(22,22,22,'Consequuntur voluptates quia et voluptatem culpa. Repellendus quo debitis quia repudiandae voluptas temporibus dolor. Ea harum rerum mollitia veniam qui veniam.',1,'1972-06-09 04:59:11','1975-08-18 06:36:31'),(23,23,23,'Velit qui rerum deserunt et quia cum. Rerum ea et et. Voluptatem quam nihil et voluptas explicabo qui sed.',1,'2008-02-27 11:39:07','2003-10-17 19:33:04'),(24,24,24,'Natus molestias vero veritatis quasi velit atque exercitationem. Est qui et nihil aperiam sint. Est voluptas qui deserunt quam.',1,'1998-09-17 23:15:54','1985-02-18 03:41:40'),(25,25,25,'Minima autem laboriosam quas ut. Vel nisi iusto nisi quis sapiente architecto labore libero. Velit facilis magni ratione minus labore eum labore. Totam eos qui non officia cumque incidunt alias odio.',1,'1971-04-14 14:22:38','2017-02-12 10:28:26'),(26,26,26,'Nihil accusamus voluptatem sapiente adipisci debitis fugit. Repellat sint odit magnam corporis cumque sit maiores nobis. Expedita sed et quia ad. Labore fugiat et ipsum eum iusto dignissimos.',1,'1986-01-03 10:48:36','1970-07-07 04:23:46'),(27,27,27,'Necessitatibus optio quaerat tenetur animi nihil. Harum provident quidem aliquam. Dolores et ea officiis quae nemo molestiae molestiae.',0,'2001-03-17 15:53:54','2009-06-28 13:42:23'),(28,28,28,'Quibusdam praesentium nobis aliquam. Quaerat nulla mollitia enim aliquam cupiditate hic dicta. Aut ipsa in rerum voluptas quia minus exercitationem.',0,'1981-09-09 23:51:58','2020-05-04 23:40:01'),(29,29,29,'Dolorem cumque delectus odio corrupti magni. Sint nobis molestiae est earum doloribus. Omnis sit qui est ut.',1,'2012-02-13 03:00:59','2001-08-08 06:30:53'),(30,30,30,'Hic consequatur earum ipsa hic blanditiis consequatur. Praesentium molestiae sint nihil voluptas quia adipisci ab. Pariatur ratione deleniti nisi ea at consequuntur.',1,'2017-06-17 01:34:50','1982-09-10 16:04:07'),(31,31,31,'Aut et officiis ipsum unde et facere. Repellat voluptatibus iusto quisquam ipsa. Consequatur rerum quasi perferendis. Consequatur enim qui est repellat iste.',0,'1986-10-16 13:29:00','2020-05-24 20:13:08'),(32,32,32,'Quis adipisci quos cumque omnis ipsa aliquid numquam. Eveniet laborum molestiae autem voluptatem quia nobis amet. Reprehenderit id possimus quos est ut.',0,'1970-05-16 08:52:58','2003-06-03 23:36:39'),(33,33,33,'Molestiae in itaque iure saepe. Veritatis minus nesciunt rerum molestiae tenetur fugit modi. Tempora rem omnis adipisci dolor est. Quaerat deserunt consequatur consequatur sunt animi.',0,'2021-03-12 09:09:04','1970-11-10 23:08:22'),(34,34,34,'Enim expedita est autem modi sequi. Et ea temporibus animi. Occaecati incidunt itaque facere aut. Et ut amet aut aliquam qui cumque doloremque.',1,'2007-05-10 02:44:21','2006-05-30 01:31:24'),(35,35,35,'Odio ipsum ex qui. Magni distinctio et quam impedit et. Voluptatibus id qui alias et et.',1,'2018-08-18 12:11:53','1986-11-03 04:15:11'),(36,36,36,'Qui unde quam eum nemo perferendis aut et quasi. Unde cumque delectus totam iste architecto animi est. Esse aspernatur quos beatae illo inventore excepturi et a.',1,'2002-08-16 13:07:55','2000-07-19 16:31:58'),(37,37,37,'Quasi aut aut porro sint. Blanditiis adipisci non consequatur rem rem ut dolor tempore. Ratione omnis maxime sit et debitis. Nostrum voluptatibus expedita quis est expedita.',0,'2016-11-08 07:20:35','1996-06-13 01:41:55'),(38,38,38,'Voluptas est ipsum sed quasi qui. Ut eveniet a dolore accusantium cumque id ut. Dolor maiores perferendis laudantium architecto est.',1,'1971-08-17 23:25:08','2013-03-17 15:00:43'),(39,39,39,'Occaecati atque occaecati commodi enim. Dolores enim aut est dignissimos nostrum architecto illum omnis. Beatae qui sunt tempore ex. Fuga magni doloribus delectus in corrupti sed.',0,'1997-01-06 09:06:07','1991-11-20 17:18:55'),(40,40,40,'Aperiam non iusto qui iure atque. Omnis voluptatem minima qui nihil. Nihil similique at velit corporis vel. Repudiandae laborum autem magni voluptas.',0,'2006-07-24 00:45:49','1992-12-24 22:35:41'),(41,41,41,'Dolores ea eos illum omnis cum facere ut. Corporis quod voluptatem quas placeat. Consectetur voluptate deserunt in sit. Iusto ea illum esse minus.',0,'2002-03-01 04:54:51','1984-08-16 22:46:28'),(42,42,42,'Cum adipisci velit cumque impedit sed maxime. Similique voluptates ducimus fugit nesciunt aut autem. Et qui et et aliquam dolor inventore.',1,'2000-09-24 16:57:38','1995-09-12 16:10:26'),(43,43,43,'Est cumque laborum alias cum neque. Ducimus magnam et velit eum. Nihil rerum animi unde. Possimus delectus sit mollitia dolore rerum eveniet.',0,'2004-01-28 17:02:10','2012-03-19 14:20:13'),(44,44,44,'Qui officiis cumque voluptatem et nisi. Nulla aut et alias nihil consequatur laborum consequatur. Sed est voluptatem harum in modi eaque.',1,'2010-06-14 05:59:24','2012-06-29 04:03:47'),(45,45,45,'Repellat ex aut sed voluptatum quis non. Ullam voluptates fugit repellat magnam cumque. Maxime ut nobis ut dolorum iste repellat expedita.',1,'2014-09-06 18:30:00','1994-07-25 22:17:46'),(46,46,46,'Sit eum autem accusantium id culpa eos. Veniam minus distinctio aliquid quis maiores est. Provident consequatur non quam saepe commodi et perspiciatis.',0,'1994-12-26 14:39:58','2007-02-02 18:28:40'),(47,47,47,'Voluptatem distinctio dolores iste rerum. Nihil quae sit architecto quia tempore nobis. Ipsam fugiat laudantium excepturi.',1,'1997-09-10 03:30:23','2009-11-12 15:43:26'),(48,48,48,'Accusamus cumque et maiores magni ut totam. Aspernatur tempore vel omnis et id officia corrupti corrupti.',0,'1977-09-01 19:40:45','1979-10-02 04:24:58'),(49,49,49,'Illum expedita cupiditate incidunt quas qui ratione. Impedit sequi doloremque deserunt. Et iure sunt quia dolores maxime molestias.',0,'1980-02-08 00:57:52','1971-03-05 04:01:12'),(50,50,50,'Consequatur iste rerum pariatur. Voluptate aliquam culpa aut asperiores qui aut occaecati. Sit deserunt excepturi et ipsam.',1,'1970-08-31 17:33:39','1992-12-16 20:56:10'),(51,51,51,'Eos molestias pariatur magnam est quae. Doloremque velit omnis dolorum atque enim. Dolores qui tempore saepe.',1,'1973-01-10 09:17:32','2019-02-01 13:37:34'),(52,52,52,'Omnis labore ad unde. Assumenda tenetur est accusantium laborum vero. Sapiente maiores et nisi facilis non.',1,'1982-01-28 08:35:23','2012-05-24 09:31:47'),(53,53,53,'Sed officia consequuntur molestiae aut. Voluptatem commodi et qui officia. Facilis quod mollitia reiciendis eos facilis natus quis. Quod velit accusamus sed explicabo eaque.',1,'1999-12-20 13:51:02','2008-01-21 07:07:53'),(54,54,54,'Et non quis neque sed. Nisi repudiandae qui animi dolores fugit. Accusamus quos quo magni voluptatem accusamus ab ad et.',0,'1993-12-12 20:43:52','1971-06-20 22:37:08'),(55,55,55,'Itaque sit adipisci placeat dicta. Veniam qui voluptas tempore laboriosam totam.',1,'1979-10-17 08:34:00','2018-12-20 21:02:11'),(56,56,56,'Eum repellat ducimus magnam reiciendis corrupti blanditiis. Aperiam dolores ut nulla occaecati et et asperiores dolor. Sed et odit accusantium. Molestiae corporis dicta rerum ut ipsa.',0,'1994-10-07 01:20:35','2018-05-25 00:38:00'),(57,57,57,'Omnis doloremque nostrum qui sint ex. Molestiae fugiat reprehenderit enim et odio ipsa commodi. Repudiandae ut ipsam nisi laboriosam. Velit quaerat sunt doloremque aut voluptatem.',0,'1971-02-13 21:29:56','2014-11-27 05:13:00'),(58,58,58,'Et error nam reiciendis. Qui omnis nulla repudiandae illum sunt sunt molestiae. Dolores in asperiores fuga.',1,'2004-07-19 16:11:47','2002-11-25 10:21:14'),(59,59,59,'Nostrum iste ullam explicabo placeat nobis. Adipisci commodi doloribus dolorum fuga. Hic ea quo doloremque minus laboriosam.',0,'1993-06-23 00:44:22','1971-08-31 09:24:25'),(60,60,60,'Blanditiis aperiam sit a repudiandae. Temporibus quasi deserunt perferendis doloribus. Aperiam quia necessitatibus sed nam minima. Rerum autem inventore ad officia ullam odit natus.',0,'2003-05-07 18:13:46','1986-10-28 07:13:24'),(61,61,61,'Eaque non laudantium est molestiae aut quod. Voluptates labore aut quia a qui. Commodi corporis aut dicta eum non ex natus. Quia dolor autem deleniti ad.',1,'1997-03-29 08:48:25','1976-11-15 15:37:07'),(62,62,62,'Suscipit vero repellendus placeat architecto minima et omnis. Ea suscipit qui iure eos numquam enim est.',0,'2010-07-29 18:37:24','1992-12-06 23:45:21'),(63,63,63,'Repudiandae aspernatur suscipit nihil explicabo deserunt qui. Dolor illum sunt cum.',1,'1972-11-04 09:43:59','2004-03-06 16:48:52'),(64,64,64,'Repudiandae asperiores exercitationem inventore quia dolores. Aut sint temporibus quaerat odio. Harum repellendus voluptatem provident quisquam consequuntur ratione nam.',0,'1997-01-11 07:59:17','1986-01-08 13:32:53'),(65,65,65,'Adipisci omnis et nemo sit totam ut. Quo voluptates officiis officia maxime et dolores. Eligendi cumque atque aut. Qui sed ut quis doloribus.',1,'1987-01-26 16:45:47','1988-03-11 00:23:57'),(66,66,66,'Dolor explicabo nobis numquam sed consequatur est eos. Debitis ab sequi nihil cupiditate aut molestias consequuntur. Occaecati qui debitis laudantium deserunt.',0,'1983-01-28 12:19:45','1990-11-13 06:42:43'),(67,67,67,'Quia qui voluptatem fuga voluptas ea quidem repellendus. Dolorum iusto iure eveniet qui qui aut. Voluptatem incidunt aut accusantium aut dolorem quod et. Voluptate enim dolores nihil qui et.',0,'1986-05-27 01:28:53','1970-11-25 13:34:16'),(68,68,68,'Adipisci voluptatem atque ad iure placeat animi. Non fugit voluptatem sint exercitationem. Facilis recusandae id nulla dolores modi magni ut ab. Nihil et quam non nulla id pariatur perspiciatis.',0,'1978-07-11 12:50:53','1983-02-14 17:06:48'),(69,69,69,'Voluptatum vero ipsam neque sed eligendi unde natus. Accusamus quibusdam quia sint eos. Consectetur accusantium consequatur non sit. Vero corrupti quibusdam laborum quo rerum vel et dolorem.',1,'1992-11-20 03:30:58','1997-05-24 13:31:53'),(70,70,70,'Asperiores error magni tempora quos deleniti ea quam. Aliquid dolores natus et eveniet sit dolorem. Reiciendis non cum impedit quos. Odit at aliquam non quia.',1,'2007-07-15 19:49:26','1989-11-16 06:51:14'),(71,71,71,'Qui omnis est facilis. Omnis numquam dolore consequatur quia impedit. Aliquam laudantium sed ut. Qui dicta velit sint consequatur.',1,'1990-07-10 20:15:18','2020-07-18 10:43:06'),(72,72,72,'Rem omnis iste quia. Omnis dolorem et quia accusamus. Nam magnam assumenda possimus est. Cum qui qui dolorum corporis et et nihil esse.',0,'1990-07-21 20:53:03','1989-12-06 01:19:25'),(73,73,73,'Odit ut libero accusamus ex ipsum totam molestiae. Facere expedita voluptatibus repellat dolor. Similique eum nemo omnis a alias officiis. Quibusdam libero qui ex voluptates.',1,'1986-01-19 21:19:31','1995-08-02 17:53:14'),(74,74,74,'Autem enim quis non reprehenderit sunt aperiam. Nam atque mollitia ducimus dolores quisquam.\nEt autem voluptatem et et qui nihil veniam. Id corporis qui autem suscipit quia qui.',0,'2018-06-11 21:11:18','1997-12-03 15:17:13'),(75,75,75,'In aliquam sit architecto nesciunt et est iusto officia. Animi doloremque iusto minima recusandae delectus. Ab doloribus sequi minima distinctio qui.',0,'1974-06-23 20:54:04','2007-10-08 04:03:27'),(76,76,76,'Accusamus sed ex sed ex nesciunt minima. Deserunt praesentium neque cumque. Dignissimos dicta aut aspernatur et ipsum minima impedit cupiditate. Omnis dolor itaque sint voluptatum ea minus.',0,'1980-11-13 04:24:32','1983-12-15 10:49:45'),(77,77,77,'Et enim qui asperiores veniam nobis aut. Illo cupiditate quis impedit voluptatibus ipsam est. Quos totam animi voluptatem consequatur dolor qui nostrum.',1,'1991-04-18 08:54:05','2009-11-06 19:59:38'),(78,78,78,'Provident in impedit sed voluptas tenetur accusantium esse consequatur. Harum rerum sit impedit laborum. Cum vel officia et blanditiis provident animi aut. Aut nesciunt neque qui debitis rerum nobis.',0,'1988-12-30 04:07:52','1996-10-22 04:13:28'),(79,79,79,'Expedita sint tempora corrupti amet nesciunt. Ipsa nihil labore voluptates rerum assumenda. Sunt rerum a aut. Rerum accusamus ea dolores.',0,'2020-03-13 00:43:09','1982-02-20 04:37:23'),(80,80,80,'Dolor debitis occaecati quibusdam eum. Harum iste labore sed dolore sequi error. Nostrum nam nisi quasi voluptatibus. Sit eius ea ipsam provident est deleniti magni.',1,'1999-08-21 04:11:27','2007-02-05 18:19:00'),(81,81,81,'Repellendus et sunt necessitatibus. Facere enim velit magnam perferendis iste quo. Voluptas quidem aut dignissimos. Et ea qui optio quia laborum. Voluptates nihil aut quod quasi quo.',0,'2019-09-29 05:19:50','1988-08-22 13:41:57'),(82,82,82,'Et porro voluptas voluptas quae officia. Provident et harum cum. Quidem error hic et sapiente voluptatum ratione eos. Ut fugiat sed dolores aut facilis eaque.',1,'2012-01-03 15:31:10','1992-06-19 11:20:17'),(83,83,83,'Et vero id temporibus repellendus molestiae nulla. Et pariatur temporibus quam non nostrum. Autem illum maiores sed.',0,'1973-02-16 13:41:05','2010-11-03 14:02:48'),(84,84,84,'Qui veritatis ipsum inventore magni minus ad in. Est culpa animi laudantium fugiat accusamus aut atque dolore.',0,'2004-11-23 13:50:56','2020-07-10 06:53:00'),(85,85,85,'Ea sunt quis ipsam. Aliquid voluptatem veniam nihil. Optio nulla id culpa deserunt. Enim praesentium ipsum est.',0,'1986-02-18 10:31:00','1974-08-16 23:04:13'),(86,86,86,'Est quas ut voluptatum harum necessitatibus. Consequatur eaque id quos aut. Magni et explicabo et id ut expedita veniam.',1,'1989-04-21 07:31:36','2016-01-12 12:06:26'),(87,87,87,'Cum voluptatem sequi voluptatem eius et eius. Quaerat sed molestiae quam magnam nam. Et ullam aliquam rerum saepe quia aut. Quis aliquam suscipit nulla sint aut necessitatibus.',1,'1974-05-21 16:10:30','1981-02-26 03:46:20'),(88,88,88,'Quia minus nobis facilis porro. Consequatur quia possimus voluptatibus veritatis omnis dolor. Et rerum id quidem libero eaque temporibus consequatur.',0,'1972-05-27 20:04:01','2008-02-01 07:44:21'),(89,89,89,'Odit quas aut nisi nam. Dignissimos commodi doloremque a delectus illo atque iure nobis. Quasi ducimus voluptatem quia culpa qui.',0,'1971-05-02 03:07:29','1990-05-08 10:54:06'),(90,90,90,'Id quos eaque facere consequatur dolore voluptates. A eos dolor quisquam dolorum accusantium facilis sint. Alias quas exercitationem ab tempore id.',0,'1992-04-03 19:00:00','2020-03-25 08:19:34'),(91,91,91,'Eos quia beatae ut consequatur. Nihil nostrum et rerum totam at culpa ducimus. Quos aut provident ea alias voluptatem distinctio. Enim officiis sed quaerat quidem iste.',0,'1997-09-24 04:27:44','2017-06-27 06:50:46'),(92,92,92,'Aut atque vel et consequuntur ullam dignissimos. Natus laborum omnis dolorem id quaerat suscipit. Quasi reprehenderit dicta facere qui dignissimos.',0,'2014-09-29 10:37:27','1982-10-20 10:05:31'),(93,93,93,'Quis perspiciatis aut qui illo animi nihil facilis ipsum. Vel quos quidem doloremque et autem qui odio eveniet. Et ut et rerum aut in asperiores esse. Magni fugiat ipsum velit sunt.',0,'1991-04-18 16:22:45','1996-08-26 04:52:34'),(94,94,94,'Id impedit maxime id. Inventore optio ut voluptatem sed possimus quia. Delectus eligendi non sit. Molestiae voluptatum non magnam et ut.',0,'1980-01-06 14:45:05','1974-03-08 17:48:31'),(95,95,95,'Deserunt vero fuga non qui id ipsam mollitia. Incidunt qui odio sunt temporibus. Facilis inventore pariatur dolores consequatur magni. Tempora earum in ea aut dicta sunt est. Enim autem dolorum sed.',1,'1984-01-21 07:13:01','1990-01-20 01:30:06'),(96,96,96,'Cum et accusantium delectus. Autem qui similique ut architecto laborum repellendus et. Omnis hic officiis quia neque.',1,'2019-03-16 08:14:49','1974-11-11 03:04:19'),(97,97,97,'Nostrum et aut vitae corrupti architecto explicabo cum. Eum fugit voluptas voluptatem. Ut dolorem vel architecto quasi facere vel.',0,'1978-08-24 16:13:35','1977-03-02 16:46:29'),(98,98,98,'Cumque voluptatem saepe officia cupiditate dolores et et. Voluptas ut dolorum odio neque et nulla sit.',1,'1987-03-27 14:57:39','1999-09-08 09:47:55'),(99,99,99,'Voluptatum non reprehenderit voluptates esse qui. Sapiente in assumenda dolores veniam velit voluptatem ipsa. Sint maxime aut sit minima inventore occaecati voluptatem.',1,'1981-08-14 23:30:03','2017-07-08 07:06:57'),(100,100,100,'Sed incidunt ad corrupti excepturi. Vel qui a quo occaecati earum ea soluta. Cumque est ea nisi exercitationem ducimus cupiditate voluptatum.\nDucimus esse aut maxime eos. Enim minus quia ea quidem.',0,'1992-06-19 01:48:10','1970-01-12 07:04:06'),(101,1,1,'Est alias et iure. Sit nulla recusandae alias eveniet dolor. Et nam ex omnis nobis dolore aut. Ut qui maiores voluptatibus quaerat dicta voluptas eos.',0,'2017-01-28 03:50:19','1971-01-05 00:49:58'),(102,2,2,'Nam ipsa molestiae distinctio alias. Labore quibusdam excepturi dolores molestiae. Quo quibusdam nemo vero dolores qui rerum.',0,'1974-02-11 23:07:40','1992-12-01 10:27:41'),(103,3,3,'Deleniti accusantium qui qui distinctio laboriosam. Illo doloremque possimus quia qui et. Occaecati ut aut eius consequuntur dolorem ea.',1,'2009-03-14 02:31:56','1972-02-10 19:50:33'),(104,4,4,'Minima ducimus quod rem libero mollitia illum. Perferendis aut ut quis ab. Aut et mollitia et eligendi recusandae sapiente. Fugit culpa laboriosam et aperiam eligendi.',0,'1975-07-02 13:31:56','2015-05-26 08:58:41'),(105,5,5,'Est omnis velit ea corporis. Aliquid magnam nam tempore eveniet error.',0,'2010-11-17 10:00:21','1975-07-31 10:11:47'),(106,6,6,'Illum soluta corporis dolorem veniam possimus quisquam saepe numquam. Perspiciatis doloremque optio perspiciatis. Quia et enim dolorem molestiae est voluptatem eum est.',0,'2011-12-12 08:37:17','1982-05-21 06:23:57'),(107,7,7,'Quidem et aliquid illo consequatur. Sequi aspernatur iusto voluptatem numquam veritatis velit et eligendi.',1,'1993-06-28 23:13:36','2017-02-10 01:14:57'),(108,8,8,'Veritatis ad autem provident dolor est ea. Esse ullam architecto eveniet. Qui est quidem cupiditate sed quis. Voluptatem molestiae eveniet eum corrupti.',0,'1975-06-03 09:29:26','1972-01-03 07:03:19'),(109,9,9,'Nam at optio labore cupiditate. Blanditiis suscipit qui eum assumenda rem molestiae officia. Illo quidem aut aut necessitatibus odio expedita expedita.',0,'1979-09-15 19:40:22','2001-01-23 10:15:13'),(110,10,10,'Ratione rerum quisquam explicabo expedita. Nulla modi illo possimus non. Non perspiciatis tempora sed qui porro eum qui. Fuga mollitia quibusdam dolor.',1,'2011-03-09 18:32:53','2002-08-21 21:48:59'),(111,11,11,'Qui pariatur ratione unde qui omnis. Sunt perferendis nostrum beatae eveniet.',0,'2010-09-15 03:00:55','2013-07-14 20:33:10'),(112,12,12,'Iure vitae non perferendis illum. Exercitationem sint dicta aliquid quia fugiat. Ullam consequuntur aliquid fugiat voluptas illo ab id. Qui non quis ut tempora error.',0,'1993-07-06 00:08:45','1985-06-12 12:12:26'),(113,13,13,'Ratione tenetur hic similique quos et aspernatur consequatur. Quo harum dolorem placeat dolorem laborum laboriosam. Quas optio est nihil tenetur qui.',1,'2012-10-15 08:22:59','2009-08-13 02:32:20'),(114,14,14,'Eveniet voluptas delectus illum aut eum voluptatem minima. Aut nisi numquam esse sed. Alias omnis et porro enim deserunt. Qui qui repudiandae tempora mollitia optio molestiae et.',0,'1973-01-16 05:06:25','2015-04-16 03:40:15'),(115,15,15,'Qui laboriosam ea eligendi praesentium est magnam. Quam commodi et ut enim voluptas magnam commodi ex.',1,'1993-03-26 14:23:29','2013-04-29 03:27:06'),(116,16,16,'Eius placeat et eos eos animi. Ea aut quod dolor impedit qui. Enim vitae quia vero.\nReiciendis nobis et ut voluptates. At ut ea est sunt. Et animi ea doloremque laudantium doloremque ipsum.',0,'2015-09-08 08:22:31','1990-04-17 16:32:00'),(117,17,17,'Fugit possimus autem mollitia soluta eveniet velit. Aut error adipisci facilis et ipsa quaerat et. Doloremque harum aut consequatur quaerat quo. Ut cupiditate delectus dolorem fugit.',0,'2021-01-28 04:06:17','1982-01-29 20:55:25'),(118,18,18,'Officiis et explicabo sapiente et quo. Sit sapiente nam excepturi fugiat provident. Ad sit voluptatem atque distinctio omnis.',1,'2016-01-28 16:07:11','1987-03-17 20:41:17'),(119,19,19,'Quia laboriosam ut similique incidunt et ut. Dolores possimus sed ducimus dolor. Unde quidem veritatis labore officiis laudantium quis ut. Dolor sed earum cumque deleniti aliquam.',1,'1986-08-03 08:31:24','1982-07-26 07:52:24'),(120,20,20,'Sed magni labore a delectus dicta. Rerum dolores soluta nemo. Aliquam quam quis fuga rerum.',1,'2011-03-04 17:51:27','1974-05-07 14:01:06'),(121,21,21,'Eum ut ut laborum aut. Asperiores rerum aut ut et illo dolores dolores.',0,'1982-05-08 18:01:18','1996-08-17 09:40:39'),(122,22,22,'Optio recusandae iusto atque ipsum. Atque rem dolorum iusto dolores qui. Reiciendis sit culpa quia est voluptas in.',1,'1997-02-24 10:54:37','2015-05-06 03:09:03'),(123,23,23,'Vitae necessitatibus porro ipsum veritatis. Dicta ut quia molestiae est soluta doloremque.',0,'1988-08-10 20:13:44','2009-04-28 20:16:27'),(124,24,24,'Atque qui odio fugiat eius. Voluptatem eos esse unde consequuntur consequuntur et. Repellendus dolorum totam aspernatur accusantium recusandae.',0,'1984-01-16 16:15:53','1985-05-29 17:10:24'),(125,25,25,'Provident sint rem sint. Laboriosam molestiae molestiae vero saepe porro quae sapiente. Placeat minima fugit voluptas aut sint accusantium impedit.',1,'1971-11-11 11:18:42','2010-06-26 00:18:26'),(126,26,26,'Omnis in fugiat id pariatur quo quo consequuntur. Omnis qui sint quae eligendi laboriosam aspernatur. Nihil velit exercitationem provident animi rerum dicta occaecati.',0,'2007-02-01 20:10:50','1993-07-15 23:56:24'),(127,27,27,'Iste et consequatur saepe vel animi iure. Ut eaque eveniet voluptatem sint eveniet voluptatem molestiae dolore. Assumenda nesciunt dignissimos quia sed neque.',1,'2000-03-23 11:03:05','2004-06-23 11:45:14'),(128,28,28,'Itaque totam cum ab omnis. Aut omnis quos aliquam. Aut qui fugiat officiis nihil enim reiciendis. Dolorem omnis perferendis consectetur ut aliquam tempore.',1,'2013-06-05 06:03:13','2017-05-19 15:05:39'),(129,29,29,'Accusamus iusto non aut quis magni quaerat. Repudiandae suscipit omnis voluptate sit exercitationem. Aspernatur saepe ut placeat et.',1,'2016-07-03 21:27:10','1987-12-26 14:22:17'),(130,30,30,'Ut voluptatem maiores rerum. Modi amet velit enim necessitatibus qui aut accusantium. Voluptatum id distinctio at cumque. Harum quaerat iusto ut architecto sit numquam voluptatum.',0,'1997-02-15 00:49:34','1972-12-18 19:06:34'),(131,31,31,'Perferendis molestias et sequi. Maxime ut reiciendis similique voluptatem non quo et quidem. Dignissimos et nam facere numquam. Beatae quas officiis voluptatibus.',1,'2009-05-08 11:38:23','1973-12-01 22:25:49'),(132,32,32,'Magni placeat et est sint vitae. Nulla enim tenetur et esse delectus occaecati. Labore repudiandae ut consequatur provident.',0,'2001-06-11 01:06:34','1992-08-22 21:20:43'),(133,33,33,'Labore ipsum labore ut nesciunt unde. Voluptas ut minus itaque in. Corporis reprehenderit odio dolorem possimus. Delectus reiciendis voluptatibus dolore at molestias qui aut.',0,'1977-04-01 08:05:21','1995-01-13 20:05:20'),(134,34,34,'Cum iusto dolores vel autem. Ut consequuntur eius incidunt libero.\nTemporibus praesentium veritatis incidunt porro. Cum consequatur voluptatem aut unde atque quod.',1,'1979-03-10 04:01:32','2002-07-07 10:07:52'),(135,35,35,'Incidunt ut rerum labore. Atque repudiandae corporis fugit expedita.\nUnde aperiam cupiditate et consequatur ipsa ut. Delectus velit dolorem aut unde officia porro.',0,'2014-01-25 09:57:23','2013-02-28 06:52:50'),(136,36,36,'Eligendi voluptatem eos ut veritatis ratione. Hic ullam qui laborum nihil laboriosam. Suscipit est nam id. Ut fugit dignissimos accusantium illo dolor voluptas consequatur assumenda.',0,'1971-03-23 12:43:59','1985-07-25 00:23:06'),(137,37,37,'Nulla iste dolor voluptatum optio est commodi. Excepturi modi eum est nam corrupti natus eveniet. Magni id non tenetur facilis quis.',1,'2004-06-12 11:35:33','1981-09-08 11:56:05'),(138,38,38,'Odit accusamus vitae non ea rerum voluptatem. Deleniti blanditiis provident enim consequatur vel et unde. Excepturi enim sunt voluptatem sint.',1,'1980-09-19 12:03:10','1971-05-19 11:15:54'),(139,39,39,'Quibusdam quos voluptatum aut totam sed et molestiae. Quia expedita nemo dicta qui iusto. Tempora officia non repellat tenetur. Possimus quo necessitatibus quo expedita unde cumque in.',1,'1978-11-01 00:18:35','2008-12-11 15:44:21'),(140,40,40,'Non id nostrum blanditiis nesciunt hic nihil. Mollitia accusantium accusantium aspernatur qui eius eligendi sed et.',0,'2001-04-07 09:22:30','2017-04-08 08:36:53'),(141,41,41,'Ea reprehenderit et est adipisci et. Quis est quae quam sapiente. In temporibus aliquid aut ut unde. Eligendi repellendus laborum adipisci a.',1,'2019-10-30 12:27:45','1997-02-12 10:41:36'),(142,42,42,'Numquam est necessitatibus odio ratione sit. Ex magni facilis nemo nulla est. Occaecati est eligendi ab adipisci veritatis. Sint quis dolorem rerum aut.',1,'1996-02-13 21:15:11','2002-09-16 12:20:49'),(143,43,43,'Provident sint porro veritatis ut corrupti ipsam veniam neque. Ratione id consequatur eos inventore deleniti. Rerum ea maiores provident ex.',1,'2002-05-23 23:12:25','1982-04-19 09:02:54'),(144,44,44,'Et suscipit error officiis ut. Quia explicabo et dolor sunt natus. Quod laborum sunt harum ipsam repellat consequatur. Eos distinctio libero voluptatem sint repellendus.',0,'2001-02-19 09:41:33','2001-06-25 09:47:09'),(145,45,45,'Sit recusandae omnis accusantium nam quos facere. Ducimus sed est sed occaecati accusantium recusandae. Eos natus sapiente a veniam ab quia aliquid.',1,'2006-09-04 23:43:28','1970-12-24 16:02:12'),(146,46,46,'Numquam dolore eaque iusto quia. Est voluptas iusto repellat impedit nesciunt optio. Officia nisi eligendi sit voluptatem atque quo. Voluptatibus in totam explicabo illum aut.',1,'2009-02-01 01:02:45','2004-11-18 10:48:31'),(147,47,47,'Id praesentium aliquid illum qui dolor voluptatem. Possimus quasi nihil inventore a ipsam molestias. Nihil nobis quo eligendi mollitia dolor harum nobis enim.',1,'2006-08-03 04:27:24','1985-02-21 22:50:08'),(148,48,48,'Incidunt velit voluptas delectus cum iure placeat ut. Deleniti non quo amet perferendis aut officiis. Repellat iusto provident excepturi rerum aut eum quis.',1,'1970-07-01 14:41:49','2009-02-10 01:03:11'),(149,49,49,'Blanditiis molestias vero minima possimus quis sequi repellendus. Ea rerum corporis recusandae. Quae facere voluptas omnis.',1,'1971-10-14 19:42:36','1989-05-31 18:01:49'),(150,50,50,'Mollitia vero ut culpa voluptas blanditiis alias. Non at quia quae laboriosam asperiores molestiae sint at. Laudantium consequatur aut similique sunt magni quae id.',1,'2017-05-02 08:22:33','1980-02-13 06:43:37'),(151,51,51,'Qui et et autem. A maxime sequi incidunt. Harum debitis esse corrupti et enim sit ad. Autem voluptatem quia sint est unde quod.',0,'1999-10-06 17:18:51','1996-02-04 22:31:48'),(152,52,52,'Maxime aliquid assumenda sunt consectetur id quis. Nesciunt pariatur qui expedita deserunt. Inventore deleniti rerum aspernatur officiis.',0,'1986-02-16 08:02:15','1971-11-13 16:16:16'),(153,53,53,'Aut et provident quis velit occaecati vero. Accusantium est provident saepe eum neque aut. Est rerum nulla et eum.',1,'1990-05-01 07:13:51','1984-03-27 08:18:28'),(154,54,54,'Tempore praesentium deleniti velit pariatur. Aliquam qui earum blanditiis modi maxime soluta. Unde blanditiis odio nihil ut repellendus quibusdam libero. Soluta consequatur sed voluptas reiciendis.',1,'1984-08-09 04:26:55','1971-01-14 15:04:24'),(155,55,55,'Saepe eligendi quia et molestias aspernatur. Id dolores dolores et dolor consequatur nulla. Voluptate incidunt velit ad officia similique et natus.',0,'1981-05-01 07:18:38','1986-11-14 22:03:46'),(156,56,56,'Quaerat rerum qui eos et itaque libero expedita. Cum voluptas vel in in mollitia. Et sed officiis non aut veniam sequi ea dignissimos.',0,'2009-11-04 01:41:19','1982-02-04 23:38:12'),(157,57,57,'Omnis eos ratione doloribus. Quibusdam qui est vel. Asperiores sequi suscipit quibusdam doloribus sint enim dolor animi.',1,'1986-01-26 12:47:14','2015-09-17 10:28:21'),(158,58,58,'Dolorem voluptate dolor sit voluptas impedit temporibus in. Nihil aperiam adipisci non voluptas excepturi consequatur. Est eius fugit eius distinctio ab.',0,'2000-10-11 19:48:40','1989-11-16 10:20:51'),(159,59,59,'Veniam saepe modi non quibusdam quos sint reprehenderit. Sunt et nam et possimus pariatur consectetur maxime. Quod consequatur quaerat rerum nihil animi. Quasi architecto iste omnis.',0,'2020-05-01 15:01:29','1997-09-19 00:44:43'),(160,60,60,'Alias sed dolorem sit reiciendis maxime sunt sit. Id alias ut minus sequi. Saepe pariatur rerum et sunt exercitationem odio dolor.',1,'1971-06-17 00:14:20','1989-05-05 18:35:27'),(161,61,61,'Aliquid soluta ea id commodi ipsam nostrum. Aut voluptas non eius quis fugit inventore. Error amet sit temporibus iste exercitationem deleniti rerum et. Rerum et voluptatem inventore et nulla veniam.',1,'1992-01-11 18:17:34','1985-09-29 00:26:00'),(162,62,62,'Et dolore sequi molestias. Praesentium qui aperiam qui at. Officiis ut nam est. Impedit et expedita id adipisci saepe id ut.',0,'2011-11-20 11:56:14','1994-02-07 11:18:10'),(163,63,63,'Distinctio ipsam laborum dolorem temporibus magni consequuntur nihil. Qui vitae deserunt possimus id sint non.',1,'2000-02-22 06:25:24','1989-07-13 13:09:50'),(164,64,64,'Dolores aperiam dolorem exercitationem porro. Et eius tempore dolorum iste facere assumenda tempore. Dolores et aut eum eos enim. Assumenda et perspiciatis amet dolor nemo non consequatur ex.',0,'1991-08-19 19:04:35','1993-03-27 19:40:16'),(165,65,65,'Ea repellendus magni impedit natus qui rerum. Tempore dolorum rerum sint tempora. Omnis dolorum ad ut aut quia odit accusantium culpa. Omnis eum eos deserunt a id.',0,'1983-07-04 05:04:47','1972-03-06 00:09:36'),(166,66,66,'Labore fugit exercitationem aut numquam. Voluptas nesciunt sed est voluptates hic occaecati voluptas. Accusantium laborum animi voluptates facilis dolores eos sit.',1,'2012-11-13 01:43:36','1991-03-15 03:59:35'),(167,67,67,'Harum voluptas in corrupti eum eveniet ea. Voluptatibus voluptatem et culpa velit ipsa ad in.',1,'1972-01-07 20:30:59','2014-11-14 22:06:45');
/*!40000 ALTER TABLE `messages` ENABLE KEYS */;
UNLOCK TABLES;

--
-- Table structure for table `profiles`
--

DROP TABLE IF EXISTS `profiles`;
/*!40101 SET @saved_cs_client     = @@character_set_client */;
/*!40101 SET character_set_client = utf8 */;
CREATE TABLE `profiles` (
  `user_id` bigint(20) unsigned NOT NULL,
  `gender` enum('f','m','x') COLLATE utf8mb4_unicode_ci NOT NULL,
  `birthday` date NOT NULL,
  `photo_id` bigint(20) unsigned DEFAULT NULL,
  `user_status` varchar(30) COLLATE utf8mb4_unicode_ci DEFAULT NULL,
  `city` varchar(130) COLLATE utf8mb4_unicode_ci DEFAULT NULL,
  `country` varchar(130) COLLATE utf8mb4_unicode_ci DEFAULT NULL,
  UNIQUE KEY `fk_profiles_users_to_idx` (`user_id`),
  UNIQUE KEY `photo_id` (`photo_id`),
  CONSTRAINT `fk_profiles_users` FOREIGN KEY (`user_id`) REFERENCES `users` (`id`)
) ENGINE=InnoDB DEFAULT CHARSET=utf8mb4 COLLATE=utf8mb4_unicode_ci;
/*!40101 SET character_set_client = @saved_cs_client */;

--
-- Dumping data for table `profiles`
--

LOCK TABLES `profiles` WRITE;
/*!40000 ALTER TABLE `profiles` DISABLE KEYS */;
INSERT INTO `profiles` VALUES (1,'m','1970-03-14',1574024,'Corporis unde vitae sed ab inv','New Allybury','Thailand'),(2,'x','1996-01-18',4,'Excepturi molestiae sint minus','Dickinsonview','Paraguay'),(3,'m','1979-06-03',20696,'Voluptas esse laboriosam eum q','Reyville','South Georgia and the South Sandwich Islands'),(4,'m','1982-04-07',81234475,'Debitis aut ex quisquam sint a','Toyshire','Malawi'),(5,'x','1984-12-28',3052302,'Ullam eos est ut natus dolorum','Port Leonor','Canada'),(6,'m','2015-01-11',281718791,'Sunt enim facere aliquid tempo','East Johnsonton','Guyana'),(7,'m','1979-07-21',50,'Et rem quae molestiae quia et ','West Gailmouth','Palestinian Territory'),(8,'f','2007-01-13',10025,'Vel iusto error aliquam et sed','Madgechester','Belize'),(9,'x','1995-11-24',375499816,'Sit eos et id eum architecto v','Mikeville','Lesotho'),(10,'m','2008-11-14',30466,'Mollitia officia quidem cum. A','South Shyannstad','Ecuador'),(11,'f','1985-10-11',729,'Excepturi nesciunt iusto quia.','Bonniechester','Finland'),(12,'x','2013-12-31',54350,'Rerum necessitatibus velit nes','Wadefort','Austria'),(13,'f','2019-12-20',602718,'Vitae numquam hic sed qui id. ','Oranshire','Jamaica'),(14,'x','2015-05-19',62765,'Occaecati repudiandae et archi','South Brad','Gibraltar'),(15,'m','1975-11-17',1876,'Accusantium adipisci autem qua','Kaseyton','Montserrat'),(16,'m','2008-04-01',115,'Fuga omnis aut nisi id sequi d','Kautzertown','Guam'),(17,'x','2002-09-06',26355,'Quo cumque est excepturi volup','North Conorview','Holy See (Vatican City State)'),(18,'x','2014-05-11',180041553,'Occaecati dignissimos suscipit','Nolanchester','Denmark'),(19,'x','1987-06-14',50353015,'Sunt reiciendis unde esse quia','Hudsonburgh','United States of America'),(20,'x','1973-06-18',171549,'Deserunt dolor cupiditate quam','Satterfieldstad','Burundi'),(21,'m','1993-01-18',11164768,'Numquam ut quis numquam qui vo','West Eldora','Senegal'),(22,'f','2006-05-13',697982301,'Velit ducimus in perspiciatis ','West Clarabellemouth','Isle of Man'),(23,'f','2005-11-09',409513892,'Non dolor rerum sed eveniet. O','New Juliomouth','Senegal'),(24,'x','2006-05-09',160852,'Incidunt assumenda occaecati a','Lake Drew','Seychelles'),(25,'x','2002-08-31',1231,'Praesentium sed facere et quae','Dorianburgh','Mauritius'),(26,'f','1997-06-05',0,'Et non cupiditate temporibus o','Candaceshire','Mongolia'),(27,'f','1999-10-18',56521,'Et autem velit delectus cupidi','Forestchester','Iceland'),(28,'m','2013-09-08',2328,'Ratione voluptas in et consect','Turnerfurt','Belarus'),(29,'f','1975-02-11',621,'Sit et vitae necessitatibus ad','Marquardtland','Montserrat'),(30,'m','1995-02-13',1230633,'Est debitis distinctio molesti','Port Ashly','Mongolia'),(31,'m','1983-03-22',95277,'Dignissimos est aut ipsam moll','New Tavares','Angola'),(32,'m','2014-11-24',2,'Molestiae eius quia cumque odi','Mustafaville','Kazakhstan'),(33,'x','2014-01-16',188,'Voluptatem alias numquam neces','New Florinemouth','Belgium'),(34,'f','1977-10-17',2912,'Qui et qui qui tempora ab porr','Kennediside','Nauru'),(35,'f','1995-02-12',5,'Omnis voluptatem quis quia et ','New Caterinachester','Bolivia'),(36,'x','2016-02-11',125,'Possimus impedit earum distinc','North Maverick','Portugal'),(37,'f','2007-07-22',23587,'Qui iure dolorum impedit provi','Port Opal','Palau'),(38,'x','1999-10-05',399,'Aperiam magnam error rerum aut','East Duaneville','Romania'),(40,'x','2017-01-13',75507170,'Quod deleniti rem ratione volu','North Kariannemouth','Japan'),(41,'f','2017-10-18',1123968,'Dolorem sed odio qui cumque so','Marvinberg','Vietnam'),(42,'m','2009-10-24',3837564,'Voluptas veniam ad vel. Ab har','Hoegerhaven','Palestinian Territory'),(43,'f','1992-10-03',14779281,'Repudiandae non id consequatur','Ovamouth','Russian Federation'),(44,'f','1995-01-08',50075341,'Rerum ipsum quia et est et tem','Schmelerhaven','Andorra'),(45,'f','2001-07-27',47103254,'Qui recusandae est quae aspern','West Mathewstad','Libyan Arab Jamahiriya'),(46,'f','1975-10-10',356679799,'Error perspiciatis quo volupta','New Geoffreyview','Tajikistan'),(47,'m','1979-11-16',8,'Alias consequatur aut facere u','Ullrichville','Cameroon'),(48,'x','1989-04-19',85,'Quibusdam velit vel cumque ali','Collierview','Brunei Darussalam'),(49,'x','1977-12-16',1366385,'Modi consequatur alias quas ma','Mosciskiside','Lao People\'s Democratic Republic'),(50,'m','1992-03-30',53396,'Cumque dolorem molestiae dolor','New Earline','Turkey'),(51,'m','1989-03-10',168,'Ea suscipit rerum animi est eo','North Garland','Bolivia'),(52,'x','1997-08-18',512,'Sint ex omnis qui itaque dolor','New Eltastad','Puerto Rico'),(53,'x','1972-07-21',3874196,'Quia eius cum ipsam aperiam vo','Port Guido','French Southern Territories'),(54,'x','2010-01-28',47,'Nam consequatur ipsum omnis ha','West Marta','Papua New Guinea'),(55,'f','2020-08-11',7685,'Et qui suscipit ut eius. Omnis','Lake Shany','Comoros'),(57,'f','1991-06-18',2057164,'Velit reiciendis ex ex vel eni','Stromanport','Russian Federation'),(58,'f','1984-09-22',8470857,'Exercitationem enim sit culpa ','Schuppechester','Mexico'),(59,'x','2009-10-06',247677922,'Quaerat veritatis sit neque. Q','Lake Liza','Kyrgyz Republic'),(60,'f','1981-04-28',4838,'Deleniti accusamus eveniet et ','Medhurstmouth','Northern Mariana Islands'),(61,'x','2002-08-15',108,'Eius qui ullam dolorum est. Ni','West Margretmouth','Sudan'),(62,'x','1978-09-16',263,'Labore laboriosam et ab quibus','Keonfurt','Chad'),(63,'f','1977-01-12',1,'Quae delectus provident ex qui','Mayertberg','Chile'),(64,'f','2010-05-07',22946,'Dolore voluptatem cumque illum','New Joseph','Kenya'),(65,'f','1977-03-11',1642496,'Ullam quis sit et recusandae. ','Emardmouth','Zimbabwe'),(66,'x','1972-12-02',228094,'Laborum deleniti est nisi arch','Rodhaven','Cape Verde'),(67,'f','1981-11-06',4353,'Ipsa distinctio dolor fuga ips','Margiemouth','Peru'),(68,'x','1994-01-22',3,'Deleniti possimus fugit fugit ','Bradtkeside','Jersey'),(69,'f','1986-02-22',348477604,'Eos quae non porro eos velit. ','South Dayanaberg','Libyan Arab Jamahiriya'),(70,'f','1998-08-04',4109,'Consequatur consequatur ipsa r','Lake Pearlineland','Saint Martin'),(71,'m','2013-04-26',8548464,'Ea magni itaque enim aut asper','Starkstad','India'),(72,'m','1995-07-23',6,'Et ratione nihil aut non beata','Port Cynthiashire','India'),(73,'x','1992-06-10',133546,'Unde est at sunt consequatur. ','Alessiaport','Djibouti'),(74,'x','1990-08-10',26,'Itaque officiis iusto non omni','Port Elenor','Bosnia and Herzegovina'),(75,'m','1982-04-14',1975,'Temporibus ut delectus quae et','Lake Marquis','Ukraine'),(76,'f','2017-10-01',17,'Quas est blanditiis ratione si','East Reta','British Indian Ocean Territory (Chagos Archipelago)'),(77,'m','1991-06-17',124840,'Aut sapiente aut enim est faci','Angelaside','Tuvalu'),(78,'f','1978-03-04',155,'Aut mollitia optio facere nobi','New Yasmeen','Togo'),(79,'x','2021-03-04',2437,'In dolorem rem ex earum. Est r','Luettgenshire','Zambia'),(80,'x','1977-05-14',190858301,'Fuga nesciunt labore nam ut pa','New Haskell','Latvia'),(81,'x','1992-02-04',140,'Omnis maxime est corrupti offi','Vellashire','Cape Verde'),(82,'m','1995-06-19',148007,'Omnis commodi tenetur nulla di','Port Antoniahaven','Mexico'),(83,'m','1987-10-21',485,'Quidem ullam quaerat ut ut. Re','North Abraham','Turkmenistan'),(84,'m','1996-01-24',277,'Voluptatibus sequi saepe quo m','East Abagailstad','Bahamas'),(85,'f','2018-08-23',125965,'Doloremque ut facere nesciunt ','Providenciland','Botswana'),(86,'x','2004-10-15',309166608,'Aut quasi minima qui cum delec','Port Scarlettbury','Guadeloupe'),(87,'f','2001-05-18',108323,'Totam voluptas qui omnis optio','West Kacie','Congo'),(88,'f','1981-06-15',30596391,'Aspernatur voluptas quo volupt','Ferrychester','Tanzania'),(89,'x','1984-10-27',42,'Et perferendis adipisci et ips','South Jaydahaven','Cocos (Keeling) Islands'),(91,'x','1996-09-22',7,'Eaque corrupti ut aut a necess','West Kyla','Equatorial Guinea'),(92,'f','2019-05-11',4025,'Quidem quia eos sapiente fugit','Alanismouth','Isle of Man'),(93,'m','1985-02-17',202556,'Delectus praesentium ipsa in v','Port Chelsie','Namibia'),(94,'m','2012-01-10',91,'Expedita quisquam modi et aute','North Yadiraville','French Southern Territories'),(98,'x','2002-04-07',14,'Recusandae sequi ut non molest','Kearaside','Mauritius'),(99,'m','1987-03-07',378953228,'Aliquid aut quia alias. Quae t','Princesston','Kiribati'),(100,'x','2001-01-11',26032,'Et cumque commodi distinctio. ','North Brianaside','Papua New Guinea');
/*!40000 ALTER TABLE `profiles` ENABLE KEYS */;
UNLOCK TABLES;

--
-- Table structure for table `users`
--

DROP TABLE IF EXISTS `users`;
/*!40101 SET @saved_cs_client     = @@character_set_client */;
/*!40101 SET character_set_client = utf8 */;
CREATE TABLE `users` (
  `id` bigint(20) unsigned NOT NULL AUTO_INCREMENT,
  `first_name` varchar(145) COLLATE utf8mb4_unicode_ci NOT NULL,
  `last_name` varchar(145) COLLATE utf8mb4_unicode_ci NOT NULL,
  `email` varchar(145) COLLATE utf8mb4_unicode_ci NOT NULL,
  `phone` varchar(11) COLLATE utf8mb4_unicode_ci DEFAULT NULL,
  `password_hash` char(65) COLLATE utf8mb4_unicode_ci DEFAULT NULL,
  `created_at` datetime NOT NULL DEFAULT current_timestamp(),
  PRIMARY KEY (`id`),
  UNIQUE KEY `email_unique` (`email`),
  UNIQUE KEY `phone_unique` (`phone`)
) ENGINE=InnoDB AUTO_INCREMENT=101 DEFAULT CHARSET=utf8mb4 COLLATE=utf8mb4_unicode_ci;
/*!40101 SET character_set_client = @saved_cs_client */;

--
-- Dumping data for table `users`
--

LOCK TABLES `users` WRITE;
/*!40000 ALTER TABLE `users` DISABLE KEYS */;
INSERT INTO `users` VALUES (1,'Michaela','Stracke','amos97@example.org','1-952-924-0','9da99a43fc4e18492a075b900715dfcb96719d9b','1990-07-09 23:05:23'),(2,'Domingo','Pfeffer','madisen.keeling@example.org','1-817-273-4','9f50d4be1e6b3e66da7157c58957553cbba9c7cc','1993-07-08 00:08:04'),(3,'Hilario','Gleason','vincenzo95@example.com','(590)531-85','32e0223aa977f7a051df9b1703b32573e2f97c4c','1993-09-24 02:31:51'),(4,'Freida','O\'Keefe','fritsch.sylvia@example.net','(015)246-93','72ffbae8ffbd1cb9d1e703d7e6b1210541337499','2008-07-26 05:53:40'),(5,'Ryleigh','Champlin','glennie33@example.net','(308)677-75','a15fe294e61d9007e2ca939dab0673f9d57f33e4','2003-03-27 17:48:20'),(6,'Alessia','Gorczany','wyman90@example.com','(958)386-81','3562fce5e7cee30b24a1c3f3fbe8b3e7357300a3','2013-07-04 12:52:43'),(7,'Dagmar','Bosco','breana.bauch@example.org','820-999-229','fe211d3c50a682a9183726970e1b605234059126','1991-08-04 10:38:57'),(8,'Estell','Lakin','pascale55@example.com','684.847.430','72014a3432f3287f254a5e9e7a5ce4df42d6ca9c','1984-05-17 20:14:59'),(9,'Madie','Legros','eluettgen@example.net','+13(5)68348','1023ecca68e5e00d5d28eff3b6ac9d5771e75f89','2009-03-20 02:21:11'),(10,'Vivianne','Bashirian','craig.senger@example.net','+83(7)06320','fbf32cd326c6f0c4c8cdbc0a764d5d9fc8ecc3ae','2017-06-18 01:25:39'),(11,'Bryon','Raynor','harber.lila@example.com','831.916.069','0515662786847099bdbc357ca8e1830964547834','1980-04-17 11:04:59'),(12,'Gudrun','Steuber','mertie.boyer@example.com','536-728-847','92f3b13254b523491a42b787dcbd18e59ba8f9b7','2001-04-26 08:28:20'),(13,'Marvin','Ebert','akoss@example.com','(885)729-00','841a9be2c598c23ef196e9594738c6fae527929b','1976-05-02 04:55:07'),(14,'Vida','Leannon','mara.gerlach@example.org','1-143-503-4','e73cf8d1189f80d265b98ddce8b155eca9daf899','1979-05-13 15:56:23'),(15,'Zechariah','Durgan','stoltenberg.allie@example.com','516.219.483','998fed5e787bebd481806bea0867196c7b69ea0f','1971-05-12 21:04:57'),(16,'Alexandre','Murazik','mohammad.weissnat@example.org','(064)532-52','eda8ca037157155f9e12b3422a3ad57bdfe0de86','2017-03-29 06:49:44'),(17,'Arjun','Hegmann','boris.o\'connell@example.org','695.098.514','a377f886dd6c0eea242451f3e1e72be1a868a239','1981-06-12 10:52:00'),(18,'Wilhelmine','Franecki','tmayer@example.org','(551)687-84','ecab2cdbdfdf01d62bbcbcc94c56bd34eb64d95b','1976-02-25 20:40:57'),(19,'Bruce','O\'Keefe','bret90@example.com','958.932.170','2f397860dbce62c98a43fc3bb0d5f8e875140e98','2020-04-03 21:29:09'),(20,'Amely','Cartwright','keely11@example.net','203.110.567','7d10abc8a41654d0b52e2a653a900b6fee1e7e8d','1985-06-10 00:23:36'),(21,'Clementine','Harvey','lbecker@example.com','648-783-428','c67673f1ccdcd2830fcb68ce5660221fa491988f','2012-08-14 08:28:13'),(22,'Caitlyn','Pfannerstill','arne.roberts@example.com','+71(8)90481','9d3cdbfb94192fa33ec03dd5b958416116d6aac5','1973-09-10 08:16:45'),(23,'Domenick','Brown','auer.ara@example.org','07136977587','993b6b1efba0db3fbbc630b1861e219ef6566480','2013-10-15 15:56:14'),(24,'Ora','Gislason','katlyn.bogan@example.net','392-888-108','0713250ddd2cee425183171fb13a820b46b0ff6e','2006-04-04 02:31:33'),(25,'Kameron','Streich','iokuneva@example.com','022.078.242','645f27e27e512669aba9f56339dbc9f665f58576','1976-06-16 22:09:55'),(26,'Hazel','Spencer','kavon.russel@example.net','526-070-617','b47225949207485747c657d3764d3dbdaf00ab7f','2009-11-30 09:39:27'),(27,'Darron','Kris','lamar.blanda@example.net','440-861-566','70399bdb0b4652d29f3da02cdcdc3292c7a6fffd','2006-08-08 06:22:43'),(28,'Burdette','Walter','nmckenzie@example.com','522.763.892','c18ad852bf3f10e7094352226d0a45eba9a79f87','1997-03-04 05:24:17'),(29,'Clay','Stracke','kparisian@example.com','01390471257','3d4973542b852ebd5aac3abe1025b74341fa3662','2020-12-10 04:46:37'),(30,'Tyreek','Schneider','lily89@example.com','782-855-040','9665b2e431f07869f45af007ea1056bd86710950','1979-04-08 02:54:34'),(31,'Herminia','Bogan','lorenz49@example.net','01704489178','0badc9d135b5696b929228eae32619a1a6d883d9','1972-11-30 05:49:50'),(32,'Drew','Considine','pagac.garry@example.org','635-366-141','ca4124c0ed9d589f79fe395eb798e4ed4091440a','2013-02-25 02:34:05'),(33,'Jettie','Kuhn','jany56@example.net','1-604-017-8','0fcf8e47b176e1567f18ed4280f41a441fee3a7c','1997-07-23 20:08:43'),(34,'Marcelle','Pagac','daphnee73@example.net','486.135.462','a10327b1c0253fc60e35dd60821a629a892dabe2','1996-03-21 16:18:41'),(35,'Burdette','Morissette','nitzsche.mack@example.net','+31(9)42543','20032f252c7b32251716664de0d6f266391394ef','1993-02-07 11:23:16'),(36,'Alysha','Jerde','alfred74@example.com','+45(2)81997','ce84eaca8cf51147e0de45d4adcc0b76407dc640','1987-03-11 16:32:34'),(37,'Hope','Hagenes','gaston56@example.net','+96(8)44184','d23c3d332274144df04f66fc18611d0be388e4df','1986-12-22 22:29:26'),(38,'Jermey','Jakubowski','srempel@example.com','620.397.119','b97e6e695c4891e7dccb496dba6b9c54e04c32e8','2000-02-26 10:14:16'),(39,'Aron','Abshire','dhilpert@example.org','1-089-786-5','1f419b8d28c38341272cd40859d058ae7527fac5','2009-06-29 15:18:26'),(40,'Melisa','Stamm','jarvis.sporer@example.org','(194)584-64','fd3a23d2199124690f217a111c43602cc6010ddc','1997-01-01 00:31:11'),(41,'Lynn','Schroeder','hermiston.kirsten@example.net','1-625-721-3','0b6baa6f05b4d69349d4907ac505bcb7b2159397','2001-06-07 03:15:54'),(42,'Jena','Reichel','murray.stroman@example.org','(961)980-68','faf074e8f838f7bf7df4a941c629322852002f6c','1995-02-02 07:14:00'),(43,'Rhea','Dooley','tupton@example.com','749.507.755','16331398324188d2f8bee20aa35bf9af12d4a0a9','1979-04-14 02:19:17'),(44,'Micaela','Mohr','gmills@example.org','1-514-011-5','dc45d1655620489979dfa35521775f3ae3b85bd8','1975-10-19 23:05:36'),(45,'Freddie','Veum','camryn.nienow@example.com','392-902-602','514b2172afdf6152e695db4efbcbcb39a4a590c0','2016-06-06 04:17:47'),(46,'Crystel','Mertz','delia.bruen@example.com','222-157-057','b0289465cc6c26abbe5fbeb9885065dadb692957','1994-10-20 00:28:53'),(47,'Sydni','Bergnaum','daisy65@example.net','603.278.019','7d9c29893eed6474bb5f65c44ed012d62aab32cc','2016-08-25 10:37:11'),(48,'Joany','O\'Conner','lilly86@example.com','799.926.573','ad6df12ae309befec7f93ef9ddda5a4078ebed90','1978-08-26 14:39:53'),(49,'Aurelie','Hartmann','lockman.alaina@example.net','(543)826-00','6c3371db8220c8555fd3cc6779546c702f449d82','1970-02-17 01:25:37'),(50,'Serena','Leffler','orolfson@example.com','597.885.655','32d18e0e33022f5467091f9567de123cbe099713','2017-07-12 00:35:52'),(51,'Maxwell','Von','alford.fadel@example.com','(490)486-63','e31ad68d574641d37a67c502ec9beef3f4487696','2014-02-07 10:08:13'),(52,'Keely','Blick','glover.norbert@example.com','+23(9)90274','3fa2a61784faecaf5eaf9976615043338d5debdb','2003-01-19 10:49:25'),(53,'Moriah','Rippin','hazel.koelpin@example.com','697-666-020','ff8710d080712d72c369e9021700df8f48b1dff6','2016-04-15 00:38:26'),(54,'Rashawn','Schmeler','dkrajcik@example.com','+49(4)27120','5944ba63142413b51f38cae064c1acb554f50f88','1996-11-01 00:37:06'),(55,'Marquise','Batz','uraynor@example.net','273-269-273','1abb8a2042191b27cac848e6f7491963e49a8887','1974-09-16 02:41:31'),(56,'Talia','Satterfield','ezekiel.kerluke@example.com','+63(1)54708','e2728e793508d0231b4565781239af9c05a4e144','1994-09-16 06:02:37'),(57,'Mohamed','Roberts','myrna66@example.net','(022)545-38','41d7b4a362e5a3d1d7bb2ea6636ae3343aa3647c','1981-07-10 07:54:16'),(58,'Vilma','Rogahn','zaria.barrows@example.org','1-102-289-6','59cc6c6f2ed00f2d50269148816a845acba7234a','2006-11-19 08:40:15'),(59,'Amie','Lebsack','sgorczany@example.org','062.429.457','f392c90c739fb6fa18e83bab4f03f37f34c097e2','1993-02-23 18:03:03'),(60,'Nikita','Lueilwitz','okautzer@example.com','(364)371-83','d09a27189262cc81337fe30997d267245dfcc1b1','1989-06-19 00:09:28'),(61,'Marjolaine','Williamson','kuphal.maye@example.org','+06(8)76989','f3cb19f47d15bfa2c8ceb49eaea0b32800e4ab8e','1973-07-11 15:38:50'),(62,'Bertha','Welch','romaguera.vallie@example.org','(261)311-07','494e75f6ad63026df53dda563e76751751ba0576','1977-09-03 04:09:39'),(63,'Shaylee','Reynolds','tcrist@example.org','920.001.609','700cf359682a450a2c8803e937a1dc1dd09e572f','2012-08-30 14:24:19'),(64,'Devante','Muller','pollich.everett@example.org','(321)210-81','032ea74992f7dd42b7657d59a5ad7bb55ef5efbb','2019-01-11 05:02:54'),(65,'Sibyl','Parker','jodie32@example.net','828.616.338','27dafd8784d7c8e7ecea51b9187a03b2b5fcaa7c','2008-12-29 14:53:53'),(66,'Stephania','Carter','fahey.gillian@example.com','(518)741-64','ef880156aadc002dbb600c8f732152f4c6120286','2016-12-23 15:47:18'),(67,'Ellis','Parisian','clair37@example.org','1-616-524-1','f3aa5a525b3bba9b615fe927e4a678bc5e4edb28','1976-07-27 06:24:31'),(68,'Elsa','Wunsch','gregoria.bashirian@example.org','776.716.362','ea3214efc26d203469580ba0f4606e2814a7f8a0','1980-11-06 03:54:03'),(69,'Dagmar','Russel','ykub@example.com','364.702.102','1fbaeb0eeeef1f2eef31a1195c4f1fe83cd516b4','2011-11-11 22:04:20'),(70,'Arlo','Heller','hirthe.leopoldo@example.com','07375630619','ff3b19ef5c9332316363ac2849fe6cb9b697daa3','1983-02-09 15:39:03'),(71,'Raphaelle','Barrows','albertha.o\'reilly@example.org','279-978-615','b07b69d87bed23f4dcc91a945b6f139667c220b4','2011-08-18 18:55:11'),(72,'Dedrick','Schmitt','freinger@example.org','04480273236','92fe1fb5748d33ba7d2ab6d029d4584a6d6816a7','1996-08-30 03:30:31'),(73,'Zoe','Harvey','ybogan@example.com','1-389-534-3','8de458db274f9332ebf1f64cf39e19d99611d906','2005-09-26 03:25:19'),(74,'Matilda','Buckridge','alena95@example.com','1-946-055-7','416492ce75993c7d3397d1043e2a7e8f4be76826','2010-06-09 01:34:11'),(75,'Lorine','Bauch','marquise07@example.org','796.076.509','50b10ed000cfc80cbd5bef4b74568de3e8acc2c6','2018-12-14 11:46:40'),(76,'Ebba','King','labadie.eveline@example.net','1-839-553-6','a47b2f4dfd64660e481b27dce6c6b2563905cfa9','1995-05-15 22:57:00'),(77,'Dorothy','Howell','macie41@example.org','659-454-271','e11d0d9fab3614a87767239c66df8730a3aa4c8e','1999-08-09 01:03:29'),(78,'Lisandro','Kuphal','eugene.dubuque@example.net','331.052.953','93dc809ecbb241a52c5a4fde5a147131ffccd9ca','2007-02-08 16:55:56'),(79,'Branson','Fadel','vpadberg@example.com','1-623-760-1','7e7100efd242d892b39b97ff73dd1dba671581e4','1998-02-24 17:46:50'),(80,'Giovanni','Ernser','rodriguez.jordyn@example.org','+69(1)82183','50e3bd5a273e6d4f81e460b9e9fe092ba874ce5a','1977-11-11 01:54:54'),(81,'Rosina','Reilly','omari.jenkins@example.org','355-630-147','648211141845ed2166a28a0ed3c23ee864c095f3','2020-03-15 12:02:26'),(82,'Marco','Tremblay','rmraz@example.net','420.303.417','e67fb262be9964fac4f792b1281e79477ec018c4','1996-09-04 08:16:13'),(83,'Peyton','Nolan','aleen.reilly@example.com','1-206-723-8','e90f6a7e8bad27c64dcf1e91e0b746ca01f9500c','2017-08-09 16:04:00'),(84,'Meredith','Cartwright','dgottlieb@example.com','539-757-221','f7ddcd0edafc63a705367f8c079469548464e110','1970-03-31 17:12:15'),(85,'Albert','Kuphal','kuhlman.horace@example.com','521.175.287','660c29e0c395301cd8bb1463d79abc5920488986','1991-05-11 18:35:26'),(86,'Abbie','Harris','schmidt.tracy@example.org','727.123.961','22172bdca43b6a4d1698bb1e13753973b72e6ba7','1979-08-27 21:54:32'),(87,'Remington','Abernathy','ava92@example.com','282-349-429','62953a62a917780704f11e3d8410f81012bbf10f','2007-09-29 05:05:12'),(88,'Favian','Nolan','adelle.erdman@example.com','+90(1)10223','050b9b142eaf38afc05d423149b320b938b22535','1995-02-05 23:14:59'),(89,'Cassidy','Anderson','mschulist@example.org','(000)379-53','670c1fe94c7972676f74b50ca9309f3fd914d023','1978-05-22 20:54:46'),(90,'Keagan','Jerde','titus.turcotte@example.org','1-849-527-8','adbe813096ec544da53abe57e17dfaa8306ca5b0','1984-09-08 19:26:31'),(91,'Heloise','Crona','kohler.antonio@example.net','(908)776-11','8007fd4ee03e0a7b1866d51226ab4aa5057435e5','1986-07-12 07:05:13'),(92,'Verlie','Ortiz','schulist.chanelle@example.net','1-119-684-3','0366eb890c0d6dc66e88a5799075bd416cda199b','1995-02-20 21:21:08'),(93,'Henri','Barton','kailey01@example.com','1-129-541-8','b7f487d7c1943f802bc3a8c27dec76500f8920be','1988-11-30 02:16:47'),(94,'Monique','Senger','reynolds.rolando@example.com','(108)487-53','9e319eadceef72df14b4a80c2db25ef673954ed2','2016-08-31 21:19:09'),(95,'Lee','Labadie','hmckenzie@example.org','(757)425-96','235570b8c0070a265c669f3038e40959b4b1d092','2009-01-03 08:03:00'),(96,'Rodolfo','Bosco','isabel44@example.org','316.595.487','2020fca37db12e2d3db85d07de7b3433d888b0c6','1986-04-09 14:12:09'),(97,'Marion','Stroman','sebastian28@example.org','1-901-694-2','8ad7c3063b9493a655f256559665c6836de4521c','2015-05-20 22:25:40'),(98,'Lorenza','Berge','tony.bahringer@example.net','738-035-509','051c6d65a419a1ae828724b487db3c62d2a7e769','1998-02-15 20:42:20'),(99,'Mark','Metz','milton.homenick@example.org','498.175.551','a37122c10d0054111bfcb8dd5f16b3544c313235','1994-02-09 14:58:33'),(100,'Emmanuel','Lesch','shaina.hoeger@example.net','703.843.281','e780d20752578047e2d21600b7b6e68ddb3089de','2016-06-10 11:09:51');
/*!40000 ALTER TABLE `users` ENABLE KEYS */;
UNLOCK TABLES;
/*!40103 SET TIME_ZONE=@OLD_TIME_ZONE */;

/*!40101 SET SQL_MODE=@OLD_SQL_MODE */;
/*!40014 SET FOREIGN_KEY_CHECKS=@OLD_FOREIGN_KEY_CHECKS */;
/*!40014 SET UNIQUE_CHECKS=@OLD_UNIQUE_CHECKS */;
/*!40101 SET CHARACTER_SET_CLIENT=@OLD_CHARACTER_SET_CLIENT */;
/*!40101 SET CHARACTER_SET_RESULTS=@OLD_CHARACTER_SET_RESULTS */;
/*!40101 SET COLLATION_CONNECTION=@OLD_COLLATION_CONNECTION */;
/*!40111 SET SQL_NOTES=@OLD_SQL_NOTES */;

-- Dump completed on 2021-03-21 22:09:10
